종목코드,종목명,상세페이지
005930,삼성전자,https://stock.naver.com/domestic/stock/005930/price
000660,SK하이닉스,https://stock.naver.com/domestic/stock/000660/price
009150,삼성전기,https://stock.naver.com/domestic/stock/009150/price
402340,SK스퀘어,https://stock.naver.com/domestic/stock/402340/price
105560,KB금융,https://stock.naver.com/domestic/stock/105560/price
006400,삼성SDI,https://stock.naver.com/domestic/stock/006400/price
373220,LG에너지솔루션,https://stock.naver.com/domestic/stock/373220/price
005380,현대차,https://stock.naver.com/domestic/stock/005380/price
196170,알테오젠,https://stock.naver.com/domestic/stock/196170/price
012450,한화에어로스페이스,https://stock.naver.com/domestic/stock/012450/price
036930,주성엔지니어링,https://stock.naver.com/domestic/stock/036930/price
034020,두산에너빌리티,https://stock.naver.com/domestic/stock/034020/price
055550,신한지주,https://stock.naver.com/domestic/stock/055550/price
316140,우리금융지주,https://stock.naver.com/domestic/stock/316140/price
086520,에코프로,https://stock.naver.com/domestic/stock/086520/price
035420,NAVER,https://stock.naver.com/domestic/stock/035420/price
005490,POSCO홀딩스,https://stock.naver.com/domestic/stock/005490/price
042700,한미반도체,https://stock.naver.com/domestic/stock/042700/price
005935,삼성전자우,https://stock.naver.com/domestic/stock/005935/price
247540,에코프로비엠,https://stock.naver.com/domestic/stock/247540/price
028300,HLB,https://stock.naver.com/domestic/stock/028300/price
005830,DB손해보험,https://stock.naver.com/domestic/stock/005830/price
086790,하나금융지주,https://stock.naver.com/domestic/stock/086790/price
068270,셀트리온,https://stock.naver.com/domestic/stock/068270/price
066570,LG전자,https://stock.naver.com/domestic/stock/066570/price
036570,NC,https://stock.naver.com/domestic/stock/036570/price
096770,SK이노베이션,https://stock.naver.com/domestic/stock/096770/price
051910,LG화학,https://stock.naver.com/domestic/stock/051910/price
000270,기아,https://stock.naver.com/domestic/stock/000270/price
012330,현대모비스,https://stock.naver.com/domestic/stock/012330/price
035720,카카오,https://stock.naver.com/domestic/stock/035720/price
009830,한화솔루션,https://stock.naver.com/domestic/stock/009830/price
207940,삼성바이오로직스,https://stock.naver.com/domestic/stock/207940/price
010120,LS ELECTRIC,https://stock.naver.com/domestic/stock/010120/price
298040,효성중공업,https://stock.naver.com/domestic/stock/298040/price
079550,LIG디펜스앤에어로스페이스,https://stock.naver.com/domestic/stock/079550/price
222800,심텍,https://stock.naver.com/domestic/stock/222800/price
095610,테스,https://stock.naver.com/domestic/stock/095610/price
033780,KT&G,https://stock.naver.com/domestic/stock/033780/price
240810,원익IPS,https://stock.naver.com/domestic/stock/240810/price
024110,기업은행,https://stock.naver.com/domestic/stock/024110/price
005940,NH투자증권,https://stock.naver.com/domestic/stock/005940/price
353200,대덕전자,https://stock.naver.com/domestic/stock/353200/price
047810,한국항공우주,https://stock.naver.com/domestic/stock/047810/price
007660,이수페타시스,https://stock.naver.com/domestic/stock/007660/price
042660,한화오션,https://stock.naver.com/domestic/stock/042660/price
000810,삼성화재,https://stock.naver.com/domestic/stock/000810/price
226950,올릭스,https://stock.naver.com/domestic/stock/226950/price
128940,한미약품,https://stock.naver.com/domestic/stock/128940/price
175330,JB금융지주,https://stock.naver.com/domestic/stock/175330/price
034730,SK,https://stock.naver.com/domestic/stock/034730/price
017670,SK텔레콤,https://stock.naver.com/domestic/stock/017670/price
032830,삼성생명,https://stock.naver.com/domestic/stock/032830/price
078930,GS,https://stock.naver.com/domestic/stock/078930/price
010140,삼성중공업,https://stock.naver.com/domestic/stock/010140/price
329180,HD현대중공업,https://stock.naver.com/domestic/stock/329180/price
009540,HD한국조선해양,https://stock.naver.com/domestic/stock/009540/price
039030,이오테크닉스,https://stock.naver.com/domestic/stock/039030/price
000720,현대건설,https://stock.naver.com/domestic/stock/000720/price
272210,한화시스템,https://stock.naver.com/domestic/stock/272210/price
278470,에이피알,https://stock.naver.com/domestic/stock/278470/price
456160,지투지바이오,https://stock.naver.com/domestic/stock/456160/price
259960,크래프톤,https://stock.naver.com/domestic/stock/259960/price
028260,삼성물산,https://stock.naver.com/domestic/stock/028260/price
267260,HD현대일렉트릭,https://stock.naver.com/domestic/stock/267260/price
006260,LS,https://stock.naver.com/domestic/stock/006260/price
016360,삼성증권,https://stock.naver.com/domestic/stock/016360/price
052690,한전기술,https://stock.naver.com/domestic/stock/052690/price
000990,DB하이텍,https://stock.naver.com/domestic/stock/000990/price
030000,제일기획,https://stock.naver.com/domestic/stock/030000/price
352820,하이브,https://stock.naver.com/domestic/stock/352820/price
251270,넷마블,https://stock.naver.com/domestic/stock/251270/price
108490,로보티즈,https://stock.naver.com/domestic/stock/108490/price
003670,포스코퓨처엠,https://stock.naver.com/domestic/stock/003670/price
031980,피에스케이홀딩스,https://stock.naver.com/domestic/stock/031980/price
138930,BNK금융지주,https://stock.naver.com/domestic/stock/138930/price
012750,에스원,https://stock.naver.com/domestic/stock/012750/price
000150,두산,https://stock.naver.com/domestic/stock/000150/price
003690,코리안리,https://stock.naver.com/domestic/stock/003690/price
030200,KT,https://stock.naver.com/domestic/stock/030200/price
010950,S-Oil,https://stock.naver.com/domestic/stock/010950/price
064350,현대로템,https://stock.naver.com/domestic/stock/064350/price
058610,에스피지,https://stock.naver.com/domestic/stock/058610/price
071050,한국금융지주,https://stock.naver.com/domestic/stock/071050/price
064400,LG씨엔에스,https://stock.naver.com/domestic/stock/064400/price
403870,HPSP,https://stock.naver.com/domestic/stock/403870/price
112610,씨에스윈드,https://stock.naver.com/domestic/stock/112610/price
000100,유한양행,https://stock.naver.com/domestic/stock/000100/price
192820,코스맥스,https://stock.naver.com/domestic/stock/192820/price
161890,한국콜마,https://stock.naver.com/domestic/stock/161890/price
141080,리가켐바이오,https://stock.naver.com/domestic/stock/141080/price
011200,HMM,https://stock.naver.com/domestic/stock/011200/price
178320,서진시스템,https://stock.naver.com/domestic/stock/178320/price
018260,삼성에스디에스,https://stock.naver.com/domestic/stock/018260/price
035250,강원랜드,https://stock.naver.com/domestic/stock/035250/price
181710,NHN,https://stock.naver.com/domestic/stock/181710/price
451800,한화리츠,https://stock.naver.com/domestic/stock/451800/price
443060,HD현대마린솔루션,https://stock.naver.com/domestic/stock/443060/price
277810,레인보우로보틱스,https://stock.naver.com/domestic/stock/277810/price
138040,메리츠금융지주,https://stock.naver.com/domestic/stock/138040/price
011070,LG이노텍,https://stock.naver.com/domestic/stock/011070/price
454910,두산로보틱스,https://stock.naver.com/domestic/stock/454910/price
015760,한국전력,https://stock.naver.com/domestic/stock/015760/price
047040,대우건설,https://stock.naver.com/domestic/stock/047040/price
319660,피에스케이,https://stock.naver.com/domestic/stock/319660/price
047050,포스코인터내셔널,https://stock.naver.com/domestic/stock/047050/price
457190,이수스페셜티케미컬,https://stock.naver.com/domestic/stock/457190/price
041510,에스엠,https://stock.naver.com/domestic/stock/041510/price
122870,와이지엔터테인먼트,https://stock.naver.com/domestic/stock/122870/price
003490,대한항공,https://stock.naver.com/domestic/stock/003490/price
017800,현대엘리베이터,https://stock.naver.com/domestic/stock/017800/price
090430,아모레퍼시픽,https://stock.naver.com/domestic/stock/090430/price
263750,펄어비스,https://stock.naver.com/domestic/stock/263750/price
001440,대한전선,https://stock.naver.com/domestic/stock/001440/price
088980,맥쿼리인프라,https://stock.naver.com/domestic/stock/088980/price
395400,SK리츠,https://stock.naver.com/domestic/stock/395400/price
330590,롯데리츠,https://stock.naver.com/domestic/stock/330590/price
000500,가온전선,https://stock.naver.com/domestic/stock/000500/price
119850,지엔씨에너지,https://stock.naver.com/domestic/stock/119850/price
006800,미래에셋증권,https://stock.naver.com/domestic/stock/006800/price
039490,키움증권,https://stock.naver.com/domestic/stock/039490/price
004020,현대제철,https://stock.naver.com/domestic/stock/004020/price
086280,현대글로비스,https://stock.naver.com/domestic/stock/086280/price
307950,현대오토에버,https://stock.naver.com/domestic/stock/307950/price
014680,한솔케미칼,https://stock.naver.com/domestic/stock/014680/price
010060,OCI홀딩스,https://stock.naver.com/domestic/stock/010060/price
029780,삼성카드,https://stock.naver.com/domestic/stock/029780/price
323410,카카오뱅크,https://stock.naver.com/domestic/stock/323410/price
028050,삼성E&A,https://stock.naver.com/domestic/stock/028050/price
180640,한진칼,https://stock.naver.com/domestic/stock/180640/price
078600,대주전자재료,https://stock.naver.com/domestic/stock/078600/price
257720,실리콘투,https://stock.naver.com/domestic/stock/257720/price
051900,LG생활건강,https://stock.naver.com/domestic/stock/051900/price
328130,루닛,https://stock.naver.com/domestic/stock/328130/price
095340,ISC,https://stock.naver.com/domestic/stock/095340/price
082740,한화엔진,https://stock.naver.com/domestic/stock/082740/price
035760,CJ ENM,https://stock.naver.com/domestic/stock/035760/price
028670,팬오션,https://stock.naver.com/domestic/stock/028670/price
192080,더블유게임즈,https://stock.naver.com/domestic/stock/192080/price
267250,HD현대,https://stock.naver.com/domestic/stock/267250/price
458870,씨어스,https://stock.naver.com/domestic/stock/458870/price
064290,인텍플러스,https://stock.naver.com/domestic/stock/064290/price
420770,기가비스,https://stock.naver.com/domestic/stock/420770/price
462870,시프트업,https://stock.naver.com/domestic/stock/462870/price
004170,신세계,https://stock.naver.com/domestic/stock/004170/price
293490,카카오게임즈,https://stock.naver.com/domestic/stock/293490/price
003230,삼양식품,https://stock.naver.com/domestic/stock/003230/price
214450,파마리서치,https://stock.naver.com/domestic/stock/214450/price
093370,후성,https://stock.naver.com/domestic/stock/093370/price
290650,엘앤씨바이오,https://stock.naver.com/domestic/stock/290650/price
415640,KB발해인프라,https://stock.naver.com/domestic/stock/415640/price
375500,DL이앤씨,https://stock.naver.com/domestic/stock/375500/price
356860,티엘비,https://stock.naver.com/domestic/stock/356860/price
161390,한국타이어앤테크놀로지,https://stock.naver.com/domestic/stock/161390/price
298380,에이비엘바이오,https://stock.naver.com/domestic/stock/298380/price
295310,에이치브이엠,https://stock.naver.com/domestic/stock/295310/price
003550,LG,https://stock.naver.com/domestic/stock/003550/price
083650,비에이치아이,https://stock.naver.com/domestic/stock/083650/price
468530,프로티나,https://stock.naver.com/domestic/stock/468530/price
081660,미스토홀딩스,https://stock.naver.com/domestic/stock/081660/price
252990,샘씨엔에스,https://stock.naver.com/domestic/stock/252990/price
003160,디아이,https://stock.naver.com/domestic/stock/003160/price
020150,롯데에너지머티리얼즈,https://stock.naver.com/domestic/stock/020150/price
437730,삼현,https://stock.naver.com/domestic/stock/437730/price
035900,JYP Ent.,https://stock.naver.com/domestic/stock/035900/price
131290,티에스이,https://stock.naver.com/domestic/stock/131290/price
023590,다우기술,https://stock.naver.com/domestic/stock/023590/price
032640,LG유플러스,https://stock.naver.com/domestic/stock/032640/price
006360,GS건설,https://stock.naver.com/domestic/stock/006360/price
300720,한일시멘트,https://stock.naver.com/domestic/stock/300720/price
122900,아이마켓코리아,https://stock.naver.com/domestic/stock/122900/price
123890,한국자산신탁,https://stock.naver.com/domestic/stock/123890/price
253450,스튜디오드래곤,https://stock.naver.com/domestic/stock/253450/price
020560,아시아나항공,https://stock.naver.com/domestic/stock/020560/price
001450,현대해상,https://stock.naver.com/domestic/stock/001450/price
005180,빙그레,https://stock.naver.com/domestic/stock/005180/price
293940,신한알파리츠,https://stock.naver.com/domestic/stock/293940/price
010170,대한광통신,https://stock.naver.com/domestic/stock/010170/price
001120,LX인터내셔널,https://stock.naver.com/domestic/stock/001120/price
078350,한양디지텍,https://stock.naver.com/domestic/stock/078350/price
377300,카카오페이,https://stock.naver.com/domestic/stock/377300/price
005387,현대차2우B,https://stock.naver.com/domestic/stock/005387/price
326030,SK바이오팜,https://stock.naver.com/domestic/stock/326030/price
010130,고려아연,https://stock.naver.com/domestic/stock/010130/price
103140,풍산,https://stock.naver.com/domestic/stock/103140/price
001430,세아베스틸지주,https://stock.naver.com/domestic/stock/001430/price
131970,두산테스나,https://stock.naver.com/domestic/stock/131970/price
084370,유진테크,https://stock.naver.com/domestic/stock/084370/price
018880,한온시스템,https://stock.naver.com/domestic/stock/018880/price
030190,NICE평가정보,https://stock.naver.com/domestic/stock/030190/price
097950,CJ제일제당,https://stock.naver.com/domestic/stock/097950/price
007310,오뚜기,https://stock.naver.com/domestic/stock/007310/price
089860,롯데렌탈,https://stock.naver.com/domestic/stock/089860/price
021240,코웨이,https://stock.naver.com/domestic/stock/021240/price
000080,하이트진로,https://stock.naver.com/domestic/stock/000080/price
039200,오스코텍,https://stock.naver.com/domestic/stock/039200/price
006040,동원산업,https://stock.naver.com/domestic/stock/006040/price
067310,하나마이크론,https://stock.naver.com/domestic/stock/067310/price
229640,LS에코에너지,https://stock.naver.com/domestic/stock/229640/price
103590,일진전기,https://stock.naver.com/domestic/stock/103590/price
160190,하이젠알앤엠,https://stock.naver.com/domestic/stock/160190/price
204320,HL만도,https://stock.naver.com/domestic/stock/204320/price
001820,삼화콘덴서,https://stock.naver.com/domestic/stock/001820/price
174900,앱클론,https://stock.naver.com/domestic/stock/174900/price
011210,현대위아,https://stock.naver.com/domestic/stock/011210/price
007340,DN오토모티브,https://stock.naver.com/domestic/stock/007340/price
322000,HD현대에너지솔루션,https://stock.naver.com/domestic/stock/322000/price
080220,제주반도체,https://stock.naver.com/domestic/stock/080220/price
062040,산일전기,https://stock.naver.com/domestic/stock/062040/price
022100,포스코DX,https://stock.naver.com/domestic/stock/022100/price
009520,포스코엠텍,https://stock.naver.com/domestic/stock/009520/price
058470,리노공업,https://stock.naver.com/domestic/stock/058470/price
182360,큐브엔터,https://stock.naver.com/domestic/stock/182360/price
241710,코스메카코리아,https://stock.naver.com/domestic/stock/241710/price
267270,HD건설기계,https://stock.naver.com/domestic/stock/267270/price
376300,디어유,https://stock.naver.com/domestic/stock/376300/price
008770,호텔신라,https://stock.naver.com/domestic/stock/008770/price
034230,파라다이스,https://stock.naver.com/domestic/stock/034230/price
290550,디케이티,https://stock.naver.com/domestic/stock/290550/price
059090,미코,https://stock.naver.com/domestic/stock/059090/price
017960,한국카본,https://stock.naver.com/domestic/stock/017960/price
071970,HD현대마린엔진,https://stock.naver.com/domestic/stock/071970/price
439260,대한조선,https://stock.naver.com/domestic/stock/439260/price
000250,삼천당제약,https://stock.naver.com/domestic/stock/000250/price
087010,펩트론,https://stock.naver.com/domestic/stock/087010/price
089970,브이엠,https://stock.naver.com/domestic/stock/089970/price
417840,저스템,https://stock.naver.com/domestic/stock/417840/price
383220,F&F,https://stock.naver.com/domestic/stock/383220/price
145720,덴티움,https://stock.naver.com/domestic/stock/145720/price
336570,원텍,https://stock.naver.com/domestic/stock/336570/price
033500,동성화인텍,https://stock.naver.com/domestic/stock/033500/price
347700,스피어,https://stock.naver.com/domestic/stock/347700/price
189300,인텔리안테크,https://stock.naver.com/domestic/stock/189300/price
102710,이엔에프테크놀로지,https://stock.naver.com/domestic/stock/102710/price
064760,티씨케이,https://stock.naver.com/domestic/stock/064760/price
035890,서희건설,https://stock.naver.com/domestic/stock/035890/price
009970,영원무역홀딩스,https://stock.naver.com/domestic/stock/009970/price
044450,KSS해운,https://stock.naver.com/domestic/stock/044450/price
192400,쿠쿠홀딩스,https://stock.naver.com/domestic/stock/192400/price
032500,케이엠더블유,https://stock.naver.com/domestic/stock/032500/price
089890,코세스,https://stock.naver.com/domestic/stock/089890/price
034220,LG디스플레이,https://stock.naver.com/domestic/stock/034220/price
381970,KG모빌리티플랫폼,https://stock.naver.com/domestic/stock/381970/price
002960,한국쉘석유,https://stock.naver.com/domestic/stock/002960/price
001720,신영증권,https://stock.naver.com/domestic/stock/001720/price
393890,더블유씨피,https://stock.naver.com/domestic/stock/393890/price
064850,에프앤가이드,https://stock.naver.com/domestic/stock/064850/price
091580,상신이디피,https://stock.naver.com/domestic/stock/091580/price
475150,SK이터닉스,https://stock.naver.com/domestic/stock/475150/price
139480,이마트,https://stock.naver.com/domestic/stock/139480/price
009155,삼성전기우,https://stock.naver.com/domestic/stock/009155/price
066575,LG전자우,https://stock.naver.com/domestic/stock/066575/price
00680K,미래에셋증권2우B,https://stock.naver.com/domestic/stock/00680K/price
192650,드림텍,https://stock.naver.com/domestic/stock/192650/price
336260,두산퓨얼셀,https://stock.naver.com/domestic/stock/336260/price
241560,두산밥캣,https://stock.naver.com/domestic/stock/241560/price
111770,영원무역,https://stock.naver.com/domestic/stock/111770/price
098460,고영,https://stock.naver.com/domestic/stock/098460/price
053800,안랩,https://stock.naver.com/domestic/stock/053800/price
294870,IPARK현대산업개발,https://stock.naver.com/domestic/stock/294870/price
0126Z0,삼성에피스홀딩스,https://stock.naver.com/domestic/stock/0126Z0/price
005440,현대지에프홀딩스,https://stock.naver.com/domestic/stock/005440/price
082920,비츠로셀,https://stock.naver.com/domestic/stock/082920/price
484870,엠앤씨솔루션,https://stock.naver.com/domestic/stock/484870/price
003570,SNT다이내믹스,https://stock.naver.com/domestic/stock/003570/price
010820,퍼스텍,https://stock.naver.com/domestic/stock/010820/price
077970,STX엔진,https://stock.naver.com/domestic/stock/077970/price
484590,삼양컴텍,https://stock.naver.com/domestic/stock/484590/price
036540,SFA반도체,https://stock.naver.com/domestic/stock/036540/price
069960,현대백화점,https://stock.naver.com/domestic/stock/069960/price
004370,농심,https://stock.naver.com/domestic/stock/004370/price
271560,오리온,https://stock.naver.com/domestic/stock/271560/price
000120,CJ대한통운,https://stock.naver.com/domestic/stock/000120/price
006730,서부T&D,https://stock.naver.com/domestic/stock/006730/price
069620,대웅제약,https://stock.naver.com/domestic/stock/069620/price
086900,메디톡스,https://stock.naver.com/domestic/stock/086900/price
145020,휴젤,https://stock.naver.com/domestic/stock/145020/price
365340,성일하이텍,https://stock.naver.com/domestic/stock/365340/price
357780,솔브레인,https://stock.naver.com/domestic/stock/357780/price
005290,동진쎄미켐,https://stock.naver.com/domestic/stock/005290/price
327260,RF머트리얼즈,https://stock.naver.com/domestic/stock/327260/price
046970,우리로,https://stock.naver.com/domestic/stock/046970/price
138080,오이솔루션,https://stock.naver.com/domestic/stock/138080/price
368770,파이버프로,https://stock.naver.com/domestic/stock/368770/price
237690,에스티팜,https://stock.naver.com/domestic/stock/237690/price
314130,지놈앤컴퍼니,https://stock.naver.com/domestic/stock/314130/price
026960,동서,https://stock.naver.com/domestic/stock/026960/price
009420,한올바이오파마,https://stock.naver.com/domestic/stock/009420/price
005070,코스모신소재,https://stock.naver.com/domestic/stock/005070/price
310210,보로노이,https://stock.naver.com/domestic/stock/310210/price
000880,한화,https://stock.naver.com/domestic/stock/000880/price
056190,SFA,https://stock.naver.com/domestic/stock/056190/price
215200,메가스터디교육,https://stock.naver.com/domestic/stock/215200/price
067160,SOOP,https://stock.naver.com/domestic/stock/067160/price
020120,키다리스튜디오,https://stock.naver.com/domestic/stock/020120/price
232140,와이씨,https://stock.naver.com/domestic/stock/232140/price
006120,SK디스커버리,https://stock.naver.com/domestic/stock/006120/price
012630,HDC,https://stock.naver.com/domestic/stock/012630/price
002310,아세아제지,https://stock.naver.com/domestic/stock/002310/price
014830,유니드,https://stock.naver.com/domestic/stock/014830/price
096530,씨젠,https://stock.naver.com/domestic/stock/096530/price
445680,큐리옥스바이오시스템즈,https://stock.naver.com/domestic/stock/445680/price
214150,클래시스,https://stock.naver.com/domestic/stock/214150/price
001040,CJ,https://stock.naver.com/domestic/stock/001040/price
003380,하림지주,https://stock.naver.com/domestic/stock/003380/price
281820,케이씨텍,https://stock.naver.com/domestic/stock/281820/price
476830,알지노믹스,https://stock.naver.com/domestic/stock/476830/price
321550,티움바이오,https://stock.naver.com/domestic/stock/321550/price
358570,지아이이노베이션,https://stock.naver.com/domestic/stock/358570/price
139130,iM금융지주,https://stock.naver.com/domestic/stock/139130/price
011790,SKC,https://stock.naver.com/domestic/stock/011790/price
078340,컴투스,https://stock.naver.com/domestic/stock/078340/price
214320,이노션,https://stock.naver.com/domestic/stock/214320/price
185750,종근당,https://stock.naver.com/domestic/stock/185750/price
001680,대상,https://stock.naver.com/domestic/stock/001680/price
042000,카페24,https://stock.naver.com/domestic/stock/042000/price
0011A0,액스비스,https://stock.naver.com/domestic/stock/0011A0/price
0017J0,세미티에스,https://stock.naver.com/domestic/stock/0017J0/price
477850,마키나락스,https://stock.naver.com/domestic/stock/477850/price
394420,리센스메디컬,https://stock.naver.com/domestic/stock/394420/price
