종목코드,종목명,투자등급,등급변동,변동이유,현재가,외국인보유율,쌍끌이여부,외국인연속매수(일),기관연속매수(일),최근3일외인순매수,최근3일기관순매수,20일선위,정배열여부,MA5,MA20,MA60,MA120,상세페이지
011200,HMM,A+,NEW (A+),A+등급 신규 포착,"21,400",8.79%,O,3,2,"645,081","-244,637",O,O,"21,140","21,028","20,970","20,538",https://stock.naver.com/domestic/stock/011200/price
012750,에스원,A+,NEW (A+),A+등급 신규 포착,"84,100",55.73%,O,3,1,"7,071","-5,603",O,O,"83,020","82,385","77,767","77,522",https://stock.naver.com/domestic/stock/012750/price
131290,티에스이,A+,NEW (A+),A+등급 신규 포착,"292,500",9.60%,O,2,2,"13,226","15,483",O,O,"295,400","267,100","243,662","222,090",https://stock.naver.com/domestic/stock/131290/price
096770,SK이노베이션,A+,NEW (A+),A+등급 신규 포착,"151,300",16.45%,O,1,1,"568,059","-338,687",O,O,"149,540","143,155","126,323","122,079",https://stock.naver.com/domestic/stock/096770/price
010950,S-Oil,A+,NEW (A+),A+등급 신규 포착,"164,900",79.82%,O,1,1,"193,734","14,822",O,O,"160,080","154,795","144,178","128,538",https://stock.naver.com/domestic/stock/010950/price
006120,SK디스커버리,A+,NEW (A+),A+등급 신규 포착,"67,600",13.92%,O,1,1,"12,862",-627,O,O,"65,200","58,730","54,110","53,355",https://stock.naver.com/domestic/stock/006120/price
053800,안랩,A,NEW (A),A등급 신규 포착,"78,400",29.25%,O,5,5,"32,097","15,476",O,X,"76,300","65,935","59,453","59,859",https://stock.naver.com/domestic/stock/053800/price
138080,오이솔루션,A,NEW (A),A등급 신규 포착,"32,650",3.70%,O,4,5,"205,192","71,969",O,X,"29,330","25,702","22,750","29,876",https://stock.naver.com/domestic/stock/138080/price
322000,HD현대에너지솔루션,A,NEW (A),A등급 신규 포착,"139,200",7.79%,O,3,5,"200,504","87,949",O,X,"129,440","129,035","127,002","148,793",https://stock.naver.com/domestic/stock/322000/price
215200,메가스터디교육,A,NEW (A),A등급 신규 포착,"37,800",26.38%,O,5,3,"14,818","21,654",O,X,"37,050","35,535","37,480","39,821",https://stock.naver.com/domestic/stock/215200/price
356860,티엘비,A,NEW (A),A등급 신규 포착,"48,700",6.41%,O,3,4,"49,782","51,036",O,X,"46,370","40,475","39,628","65,808",https://stock.naver.com/domestic/stock/356860/price
080220,제주반도체,A,NEW (A),A등급 신규 포착,"92,800",2.13%,O,3,4,"554,854","410,874",O,X,"82,500","75,850","75,928","78,598",https://stock.naver.com/domestic/stock/080220/price
347700,스피어,A,NEW (A),A등급 신규 포착,"24,700",8.30%,O,4,3,"266,192","290,900",O,X,"22,650","21,498","20,904","28,776",https://stock.naver.com/domestic/stock/347700/price
091580,상신이디피,A,NEW (A),A등급 신규 포착,"22,450",4.21%,O,5,2,"89,417","34,227",O,X,"21,280","21,360","17,984","19,736",https://stock.naver.com/domestic/stock/091580/price
098460,고영,A,NEW (A),A등급 신규 포착,"34,450",31.18%,O,5,2,"913,061","246,977",O,X,"31,780","28,902","28,332","31,452",https://stock.naver.com/domestic/stock/098460/price
086520,에코프로,A,NEW (A),A등급 신규 포착,"89,100",19.45%,O,3,3,"503,956","353,991",O,X,"82,940","82,600","83,088","107,439",https://stock.naver.com/domestic/stock/086520/price
066570,LG전자,A,NEW (A),A등급 신규 포착,"215,500",29.93%,O,1,5,"-90,687","269,425",O,X,"214,300","206,265","192,960","194,284",https://stock.naver.com/domestic/stock/066570/price
009830,한화솔루션,A,NEW (A),A등급 신규 포착,"36,100",13.12%,O,1,5,"658,936","1,213,737",O,X,"34,020","30,395","30,627","35,868",https://stock.naver.com/domestic/stock/009830/price
000500,가온전선,A,NEW (A),A등급 신규 포착,"327,500",2.69%,O,2,4,"26,372","22,134",O,X,"315,700","275,675","212,668","254,089",https://stock.naver.com/domestic/stock/000500/price
093370,후성,A,NEW (A),A등급 신규 포착,"16,400",10.63%,O,1,5,"504,063","913,376",O,X,"15,054","13,996","12,125","13,078",https://stock.naver.com/domestic/stock/093370/price
468530,프로티나,A,NEW (A),A등급 신규 포착,"50,700",2.17%,O,1,5,"11,162","58,066",O,X,"52,220","37,422","30,765","37,827",https://stock.naver.com/domestic/stock/468530/price
293940,신한알파리츠,A,NEW (A),A등급 신규 포착,"5,550",11.14%,O,1,5,"1,918","34,367",O,X,"5,590","5,470","5,345","5,465",https://stock.naver.com/domestic/stock/293940/price
018880,한온시스템,A,NEW (A),A등급 신규 포착,"3,840",5.95%,O,1,5,"-1,150,358","5,946,337",O,X,"3,504","3,452","3,503","4,003",https://stock.naver.com/domestic/stock/018880/price
003570,SNT다이내믹스,A,NEW (A),A등급 신규 포착,"32,850",12.47%,O,1,5,"-37,027","103,347",O,X,"30,850","28,812","30,902","38,999",https://stock.naver.com/domestic/stock/003570/price
368770,파이버프로,A,NEW (A),A등급 신규 포착,"14,720",2.96%,O,5,1,"48,195","11,992",O,X,"13,428","12,762","12,566","15,848",https://stock.naver.com/domestic/stock/368770/price
005070,코스모신소재,A,NEW (A),A등급 신규 포착,"47,100",6.15%,O,1,5,"8,710","89,765",O,X,"44,570","41,395","38,653","44,836",https://stock.naver.com/domestic/stock/005070/price
079550,LIG디펜스앤에어로스페이스,A,NEW (A),A등급 신규 포착,"759,000",27.18%,O,3,2,"14,189","49,179",O,X,"707,000","691,450","717,683","787,000",https://stock.naver.com/domestic/stock/079550/price
108490,로보티즈,A,NEW (A),A등급 신규 포착,"312,000",7.14%,O,3,2,"84,879","53,710",O,X,"293,700","302,650","251,902","273,222",https://stock.naver.com/domestic/stock/108490/price
058610,에스피지,A,NEW (A),A등급 신규 포착,"103,400",5.27%,O,3,2,"94,364","12,964",O,X,"99,060","96,825","91,740","100,171",https://stock.naver.com/domestic/stock/058610/price
277810,레인보우로보틱스,A,NEW (A),A등급 신규 포착,"448,500",5.89%,O,2,3,"47,288","20,168",O,X,"429,300","435,850","444,808","545,367",https://stock.naver.com/domestic/stock/277810/price
067310,하나마이크론,A,NEW (A),A등급 신규 포착,"52,200",20.08%,O,2,3,"413,323","309,383",O,X,"48,580","40,328","36,621","40,069",https://stock.naver.com/domestic/stock/067310/price
417840,저스템,A,NEW (A),A등급 신규 포착,"18,650",7.97%,O,4,1,"423,941","-191,105",O,X,"17,972","15,690","12,915","13,363",https://stock.naver.com/domestic/stock/417840/price
327260,RF머트리얼즈,A,NEW (A),A등급 신규 포착,"53,200",8.88%,O,1,4,"-95,393","135,828",O,X,"49,370","44,255","39,134","61,006",https://stock.naver.com/domestic/stock/327260/price
046970,우리로,A,NEW (A),A등급 신규 포착,"8,340",1.79%,O,2,3,"413,141","33,366",O,X,"7,658","6,926","5,303","6,696",https://stock.naver.com/domestic/stock/046970/price
003380,하림지주,A,NEW (A),A등급 신규 포착,"11,310",7.74%,O,2,3,"52,866","129,886",O,X,"11,008","11,121","10,601","11,201",https://stock.naver.com/domestic/stock/003380/price
0017J0,세미티에스,A,NEW (A),A등급 신규 포착,"3,225",2.71%,O,3,2,"273,746","229,685",O,X,"2,796","2,631","2,871",0,https://stock.naver.com/domestic/stock/0017J0/price
009150,삼성전기,A,-,등급 유지,"1,577,000",37.77%,O,2,2,"95,677","66,999",O,X,"1,537,200","1,432,400","1,368,133","1,370,067",https://stock.naver.com/domestic/stock/009150/price
373220,LG에너지솔루션,A,-,등급 유지,"369,000",5.61%,O,1,3,"12,118","138,960",O,X,"359,700","360,025","347,358","381,992",https://stock.naver.com/domestic/stock/373220/price
128940,한미약품,A,NEW (A),A등급 신규 포착,"504,000",12.79%,O,1,3,"9,199","4,149",O,X,"501,500","492,100","435,733","445,850",https://stock.naver.com/domestic/stock/128940/price
454910,두산로보틱스,A,NEW (A),A등급 신규 포착,"73,100",5.64%,O,2,2,"180,161","28,418",O,X,"70,380","70,095","69,708","86,481",https://stock.naver.com/domestic/stock/454910/price
047050,포스코인터내셔널,A,NEW (A),A등급 신규 포착,"56,600",5.98%,O,1,3,"-262,430","185,319",O,X,"56,420","56,310","53,858","60,311",https://stock.naver.com/domestic/stock/047050/price
062040,산일전기,A,NEW (A),A등급 신규 포착,"227,000",17.18%,O,1,3,-223,"142,942",O,X,"212,080","202,820","182,275","210,212",https://stock.naver.com/domestic/stock/062040/price
189300,인텔리안테크,A,NEW (A),A등급 신규 포착,"73,600",21.94%,O,2,2,"8,943","14,178",O,X,"68,580","66,075","65,929","93,935",https://stock.naver.com/domestic/stock/189300/price
009155,삼성전기우,A,NEW (A),A등급 신규 포착,"525,000",28.60%,O,2,2,"4,114","1,156",O,X,"525,200","505,875","485,042","493,019",https://stock.naver.com/domestic/stock/009155/price
006730,서부T&D,A,NEW (A),A등급 신규 포착,"11,400",16.42%,O,2,2,"25,306","49,588",O,X,"11,030","11,084","10,654","11,394",https://stock.naver.com/domestic/stock/006730/price
402340,SK스퀘어,A,-,등급 유지,"1,156,000",46.74%,O,1,2,"-24,949","48,054",O,X,"1,131,200","1,093,300","1,098,900","1,137,767",https://stock.naver.com/domestic/stock/402340/price
047810,한국항공우주,A,NEW (A),A등급 신규 포착,"133,300",24.05%,O,1,2,"94,137","32,514",O,X,"128,480","129,020","136,662","150,005",https://stock.naver.com/domestic/stock/047810/price
064400,LG씨엔에스,A,NEW (A),A등급 신규 포착,"72,000",5.74%,O,2,1,"245,496","-25,631",O,X,"70,140","71,300","70,530","75,853",https://stock.naver.com/domestic/stock/064400/price
001440,대한전선,A,NEW (A),A등급 신규 포착,"31,500",10.76%,O,1,2,"-306,298","163,410",O,X,"30,390","29,615","28,331","36,529",https://stock.naver.com/domestic/stock/001440/price
078600,대주전자재료,A,NEW (A),A등급 신규 포착,"108,700",14.65%,O,1,2,"78,170","110,173",O,X,"96,460","88,590","84,468","107,679",https://stock.naver.com/domestic/stock/078600/price
028670,팬오션,A,NEW (A),A등급 신규 포착,"6,250",17.48%,O,1,2,"1,163,503","1,643,457",O,X,"5,852","5,886","5,628","5,513",https://stock.naver.com/domestic/stock/028670/price
437730,삼현,A,NEW (A),A등급 신규 포착,"52,100",1.48%,O,1,2,"26,278","36,811",O,X,"50,450","44,990","37,738","43,434",https://stock.naver.com/domestic/stock/437730/price
097950,CJ제일제당,A,NEW (A),A등급 신규 포착,"179,600",11.45%,O,1,2,"-4,619","6,649",O,X,"178,920","179,300","186,233","199,839",https://stock.naver.com/domestic/stock/097950/price
056190,SFA,A,NEW (A),A등급 신규 포착,"31,100",12.74%,O,1,2,"15,268","15,351",O,X,"29,320","26,948","23,708","25,818",https://stock.naver.com/domestic/stock/056190/price
010120,LS ELECTRIC,A,NEW (A),A등급 신규 포착,"209,000",18.99%,O,1,1,"86,184","-42,325",O,X,"206,000","204,030","199,235","234,962",https://stock.naver.com/domestic/stock/010120/price
138930,BNK금융지주,A,NEW (A),A등급 신규 포착,"16,020",36.95%,O,1,1,"-430,942","50,629",O,X,"16,136","15,870","15,984","16,862",https://stock.naver.com/domestic/stock/138930/price
020150,롯데에너지머티리얼즈,A,NEW (A),A등급 신규 포착,"51,100",7.64%,O,1,1,"-19,434","417,097",O,X,"44,270","40,685","34,880","45,377",https://stock.naver.com/domestic/stock/020150/price
044450,KSS해운,A,NEW (A),A등급 신규 포착,"11,950",8.69%,O,1,1,"-9,816","1,304",O,X,"12,244","10,792","10,189","10,533",https://stock.naver.com/domestic/stock/044450/price
484870,엠앤씨솔루션,A,NEW (A),A등급 신규 포착,"18,520",6.61%,O,1,1,"-9,465","54,182",O,X,"17,948","17,886","18,645","52,707",https://stock.naver.com/domestic/stock/484870/price
026960,동서,A,NEW (A),A등급 신규 포착,"27,550",3.77%,O,1,1,"53,634","12,915",O,X,"26,090","25,690","25,768","25,603",https://stock.naver.com/domestic/stock/026960/price
086280,현대글로비스,B,NEW (B),B등급 신규 포착,"201,000",46.80%,O,5,1,"41,304","-20,729",X,X,"198,400","202,675","200,115","210,067",https://stock.naver.com/domestic/stock/086280/price
042700,한미반도체,B,NEW (B),B등급 신규 포착,"272,000",7.85%,X,0,5,"55,691","257,415",O,X,"256,600","240,300","221,878","265,185",https://stock.naver.com/domestic/stock/042700/price
456160,지투지바이오,B,NEW (B),B등급 신규 포착,"43,850",5.95%,X,0,5,"-28,186","253,816",O,X,"38,110","35,040","35,120","47,764",https://stock.naver.com/domestic/stock/456160/price
112610,씨에스윈드,B,NEW (B),B등급 신규 포착,"55,300",16.28%,X,0,5,"-16,125","357,795",O,X,"52,840","50,975","45,601","49,756",https://stock.naver.com/domestic/stock/112610/price
451800,한화리츠,B,NEW (B),B등급 신규 포착,"5,370",0.92%,X,0,5,"-10,353","72,341",O,X,"5,334","5,308","5,167","5,204",https://stock.naver.com/domestic/stock/451800/price
014680,한솔케미칼,B,NEW (B),B등급 신규 포착,"277,500",41.85%,X,0,5,"-113,705","154,430",O,X,"260,700","220,830","220,770","252,006",https://stock.naver.com/domestic/stock/014680/price
010060,OCI홀딩스,B,NEW (B),B등급 신규 포착,"236,000",15.89%,X,0,5,"-34,949","109,251",O,X,"226,000","214,610","227,638","257,427",https://stock.naver.com/domestic/stock/010060/price
001120,LX인터내셔널,B,NEW (B),B등급 신규 포착,"43,850",25.19%,X,0,5,"-116,105","119,899",O,X,"42,240","41,088","38,747","41,375",https://stock.naver.com/domestic/stock/001120/price
010130,고려아연,B,NEW (B),B등급 신규 포착,"1,083,000",27.56%,O,4,1,"3,353","-9,155",X,X,"1,078,400","1,148,600","1,136,067","1,266,675",https://stock.naver.com/domestic/stock/010130/price
021240,코웨이,B,NEW (B),B등급 신규 포착,"102,400",54.17%,X,0,5,"-47,021","42,046",O,O,"100,560","100,275","96,442","92,450",https://stock.naver.com/domestic/stock/021240/price
229640,LS에코에너지,B,NEW (B),B등급 신규 포착,"66,900",4.72%,X,0,5,"-109,808","122,749",O,X,"63,740","55,115","48,102","57,283",https://stock.naver.com/domestic/stock/229640/price
103590,일진전기,B,NEW (B),B등급 신규 포착,"86,000",8.80%,X,0,5,"-245,810","111,170",O,X,"83,280","74,675","67,332","81,634",https://stock.naver.com/domestic/stock/103590/price
022100,포스코DX,B,NEW (B),B등급 신규 포착,"20,950",3.00%,O,2,3,"64,556","28,123",X,X,"20,294","21,094","20,328","25,364",https://stock.naver.com/domestic/stock/022100/price
009520,포스코엠텍,B,NEW (B),B등급 신규 포착,"13,280",7.16%,X,5,0,"68,259","14,129",O,X,"12,626","12,646","11,804","14,310",https://stock.naver.com/domestic/stock/009520/price
182360,큐브엔터,B,NEW (B),B등급 신규 포착,"6,410",3.01%,X,0,5,"-16,348","2,319",O,X,"6,664","6,309","5,814","6,941",https://stock.naver.com/domestic/stock/182360/price
059090,미코,B,NEW (B),B등급 신규 포착,"23,950",23.39%,X,0,5,"-194,921","530,826",O,X,"22,850","20,538","17,852","19,150",https://stock.naver.com/domestic/stock/059090/price
089890,코세스,B,NEW (B),B등급 신규 포착,"36,450",1.63%,X,0,5,"-86,390","177,817",O,X,"33,650","27,680","24,893","30,502",https://stock.naver.com/domestic/stock/089890/price
336260,두산퓨얼셀,B,NEW (B),B등급 신규 포착,"45,950",15.11%,O,4,1,"128,194","-8,663",X,X,"45,530","47,855","41,190","54,266",https://stock.naver.com/domestic/stock/336260/price
036540,SFA반도체,B,NEW (B),B등급 신규 포착,"11,460",14.22%,X,5,0,"2,736,790","-2,232,816",O,X,"10,916","8,659","6,497","7,036",https://stock.naver.com/domestic/stock/036540/price
357780,솔브레인,B,NEW (B),B등급 신규 포착,"426,500",30.08%,X,0,5,"-36,142","86,945",O,X,"402,300","351,375","318,208","362,200",https://stock.naver.com/domestic/stock/357780/price
005290,동진쎄미켐,B,NEW (B),B등급 신규 포착,"52,500",12.97%,X,0,5,"-19,495","380,994",O,X,"49,070","43,368","42,450","49,613",https://stock.naver.com/domestic/stock/005290/price
096530,씨젠,B,NEW (B),B등급 신규 포착,"36,750",22.91%,X,5,0,"186,822","82,426",O,O,"35,410","33,138","30,695","29,186",https://stock.naver.com/domestic/stock/096530/price
011790,SKC,B,NEW (B),B등급 신규 포착,"106,800",10.35%,X,0,5,"-118,615","288,145",O,X,"98,680","90,535","86,110","106,040",https://stock.naver.com/domestic/stock/011790/price
078340,컴투스,B,NEW (B),B등급 신규 포착,"37,600",13.54%,X,0,5,"-44,568","47,778",O,O,"37,270","34,442","31,349","30,109",https://stock.naver.com/domestic/stock/078340/price
006400,삼성SDI,B,-,등급 유지,"529,000",25.56%,O,1,3,"-11,518","51,552",X,X,"520,800","537,250","485,625","528,942",https://stock.naver.com/domestic/stock/006400/price
036930,주성엔지니어링,B,NEW (B),B등급 신규 포착,"239,500",9.51%,X,0,4,"36,970","253,276",O,O,"228,800","207,010","177,350","170,722",https://stock.naver.com/domestic/stock/036930/price
005940,NH투자증권,B,NEW (B),B등급 신규 포착,"26,850",13.36%,X,0,4,"-95,856","324,855",O,X,"26,290","26,248","27,604","30,146",https://stock.naver.com/domestic/stock/005940/price
017670,SK텔레콤,B,NEW (B),B등급 신규 포착,"88,600",34.88%,O,3,1,"277,373","-173,870",X,X,"86,880","88,955","90,352","94,229",https://stock.naver.com/domestic/stock/017670/price
039030,이오테크닉스,B,NEW (B),B등급 신규 포착,"537,000",24.70%,X,0,4,"-51,253","62,506",O,X,"516,100","471,150","392,742","435,062",https://stock.naver.com/domestic/stock/039030/price
272210,한화시스템,B,NEW (B),B등급 신규 포착,"82,000",10.10%,X,0,4,"48,844","561,422",O,X,"76,120","73,660","70,598","88,565",https://stock.naver.com/domestic/stock/272210/price
016360,삼성증권,B,NEW (B),B등급 신규 포착,"90,300",26.90%,X,0,4,"-16,193","119,506",O,X,"89,200","87,845","93,673","105,662",https://stock.naver.com/domestic/stock/016360/price
030000,제일기획,B,NEW (B),B등급 신규 포착,"18,770",17.47%,X,0,4,"-79,926","149,805",O,X,"18,406","18,379","18,753","18,945",https://stock.naver.com/domestic/stock/030000/price
071050,한국금융지주,B,NEW (B),B등급 신규 포착,"180,400",37.97%,O,3,1,"83,056","-48,562",X,X,"179,260","186,540","198,502","221,130",https://stock.naver.com/domestic/stock/071050/price
403870,HPSP,B,NEW (B),B등급 신규 포착,"66,200",33.56%,X,0,4,"-356,591","992,871",O,X,"63,280","55,960","45,977","49,086",https://stock.naver.com/domestic/stock/403870/price
457190,이수스페셜티케미컬,B,NEW (B),B등급 신규 포착,"81,900",4.75%,X,0,4,"-80,948","42,373",O,X,"75,140","67,335","63,062","79,380",https://stock.naver.com/domestic/stock/457190/price
420770,기가비스,B,NEW (B),B등급 신규 포착,"129,300",6.55%,X,4,0,"17,488","-17,501",O,X,"129,120","109,880","118,368","121,718",https://stock.naver.com/domestic/stock/420770/price
078350,한양디지텍,B,NEW (B),B등급 신규 포착,"36,000",4.73%,X,0,4,"-117,156","134,599",O,X,"31,880","23,689","21,649","25,235",https://stock.naver.com/domestic/stock/078350/price
131970,두산테스나,B,NEW (B),B등급 신규 포착,"109,000",8.08%,X,0,4,"-134,013","142,854",O,X,"99,820","87,650","81,685","108,233",https://stock.naver.com/domestic/stock/131970/price
084370,유진테크,B,NEW (B),B등급 신규 포착,"179,400",35.63%,X,0,4,"-225,520","194,182",O,X,"170,420","147,175","134,943","140,724",https://stock.naver.com/domestic/stock/084370/price
204320,HL만도,B,NEW (B),B등급 신규 포착,"47,300",19.10%,O,3,1,"46,872","-28,629",X,X,"46,410","47,882","48,418","52,497",https://stock.naver.com/domestic/stock/204320/price
174900,앱클론,B,NEW (B),B등급 신규 포착,"28,250",6.95%,X,0,4,"-189,442","123,777",O,X,"23,682","21,227","23,689","31,603",https://stock.naver.com/domestic/stock/174900/price
058470,리노공업,B,NEW (B),B등급 신규 포착,"85,100",26.75%,X,0,4,"-1,064,356","1,195,466",O,X,"77,180","70,655","68,937","85,687",https://stock.naver.com/domestic/stock/058470/price
102710,이엔에프테크놀로지,B,NEW (B),B등급 신규 포착,"48,600",24.00%,X,4,0,"51,766","-39,484",O,X,"47,680","43,642","43,559","46,791",https://stock.naver.com/domestic/stock/102710/price
0126Z0,삼성에피스홀딩스,B,NEW (B),B등급 신규 포착,"367,500",5.38%,X,0,4,"36,393","10,754",O,X,"351,700","343,675","370,758","430,883",https://stock.naver.com/domestic/stock/0126Z0/price
077970,STX엔진,B,NEW (B),B등급 신규 포착,"22,750",3.50%,O,3,1,"23,288","15,928",X,X,"22,250","23,320","24,489","32,792",https://stock.naver.com/domestic/stock/077970/price
001040,CJ,B,NEW (B),B등급 신규 포착,"131,000",18.42%,X,0,4,"-28,344","29,308",O,X,"133,280","130,835","132,535","160,416",https://stock.naver.com/domestic/stock/001040/price
139130,iM금융지주,B,NEW (B),B등급 신규 포착,"18,680",44.78%,X,0,4,"-397,826","402,227",O,X,"18,536","18,412","17,881","17,932",https://stock.naver.com/domestic/stock/139130/price
247540,에코프로비엠,B,NEW (B),B등급 신규 포착,"115,600",15.34%,X,3,0,"129,497","29,323",O,X,"111,160","108,105","109,735","149,416",https://stock.naver.com/domestic/stock/247540/price
028300,HLB,B,NEW (B),B등급 신규 포착,"40,650",14.08%,X,0,3,"-208,148","329,058",O,X,"40,570","33,952","35,498","44,711",https://stock.naver.com/domestic/stock/028300/price
226950,올릭스,B,NEW (B),B등급 신규 포착,"116,800",10.17%,X,0,3,"-53,830","224,093",O,X,"108,320","104,520","109,988","133,270",https://stock.naver.com/domestic/stock/226950/price
251270,넷마블,B,NEW (B),B등급 신규 포착,"35,250",14.01%,X,3,0,"73,654","-46,546",O,X,"34,890","35,090","36,868","40,427",https://stock.naver.com/domestic/stock/251270/price
003670,포스코퓨처엠,B,NEW (B),B등급 신규 포착,"186,800",9.33%,X,3,0,"94,015","31,736",O,X,"181,580","183,920","164,733","193,282",https://stock.naver.com/domestic/stock/003670/price
064350,현대로템,B,NEW (B),B등급 신규 포착,"115,800",39.09%,O,1,2,"51,972","-101,007",X,X,"113,960","120,855","137,395","173,761",https://stock.naver.com/domestic/stock/064350/price
443060,HD현대마린솔루션,B,NEW (B),B등급 신규 포착,"234,500",30.42%,X,3,0,"31,258","-20,712",O,X,"237,600","230,975","210,027","218,818",https://stock.naver.com/domestic/stock/443060/price
330590,롯데리츠,B,NEW (B),B등급 신규 포착,"4,055",7.31%,X,0,3,"-64,722","118,330",O,X,"4,106","4,002","3,808","3,929",https://stock.naver.com/domestic/stock/330590/price
307950,현대오토에버,B,NEW (B),B등급 신규 포착,"383,500",2.45%,X,3,0,"18,012","-20,084",O,X,"375,800","379,675","403,317","492,679",https://stock.naver.com/domestic/stock/307950/price
293490,카카오게임즈,B,NEW (B),B등급 신규 포착,"10,180",4.59%,X,3,0,"357,618","-180,415",O,X,"9,676","9,318","8,603","9,442",https://stock.naver.com/domestic/stock/293490/price
290650,엘앤씨바이오,B,NEW (B),B등급 신규 포착,"54,000",23.24%,X,0,3,"-269,429","147,048",O,X,"50,810","48,410","55,618","65,108",https://stock.naver.com/domestic/stock/290650/price
295310,에이치브이엠,B,NEW (B),B등급 신규 포착,"69,700",2.94%,X,0,3,"-44,588","170,123",O,X,"62,220","55,402","48,253","68,378",https://stock.naver.com/domestic/stock/295310/price
252990,샘씨엔에스,B,NEW (B),B등급 신규 포착,"19,920",9.72%,X,3,0,"397,317","-335,329",O,O,"19,710","16,550","14,350","13,656",https://stock.naver.com/domestic/stock/252990/price
253450,스튜디오드래곤,B,NEW (B),B등급 신규 포착,"20,600",8.82%,O,1,2,"-16,570","8,942",X,X,"20,530","21,062","21,645","25,103",https://stock.naver.com/domestic/stock/253450/price
089860,롯데렌탈,B,NEW (B),B등급 신규 포착,"51,400",6.25%,X,3,0,"41,912","-45,095",O,O,"50,290","49,565","43,879","37,628",https://stock.naver.com/domestic/stock/089860/price
007340,DN오토모티브,B,NEW (B),B등급 신규 포착,"50,500",5.77%,X,3,0,"47,761","-17,466",O,O,"49,700","47,352","44,820","43,441",https://stock.naver.com/domestic/stock/007340/price
000250,삼천당제약,B,NEW (B),B등급 신규 포착,"210,000",4.13%,X,0,3,"-104,329","65,101",O,X,"182,080","166,305","170,812","261,064",https://stock.naver.com/domestic/stock/000250/price
033500,동성화인텍,B,NEW (B),B등급 신규 포착,"16,380",15.98%,O,1,2,"27,192","15,572",X,X,"15,986","16,506","16,660","19,689",https://stock.naver.com/domestic/stock/033500/price
002960,한국쉘석유,B,NEW (B),B등급 신규 포착,"517,000",58.50%,X,0,3,-668,185,O,O,"518,400","508,050","505,208","500,575",https://stock.naver.com/domestic/stock/002960/price
393890,더블유씨피,B,NEW (B),B등급 신규 포착,"10,840",2.54%,X,3,0,"127,447","-40,319",O,X,"10,286","10,074","8,870","11,851",https://stock.naver.com/domestic/stock/393890/price
066575,LG전자우,B,NEW (B),B등급 신규 포착,"75,000",45.35%,X,3,0,"35,886","-1,339",O,X,"73,600","72,165","68,738","70,472",https://stock.naver.com/domestic/stock/066575/price
365340,성일하이텍,B,NEW (B),B등급 신규 포착,"38,050",3.10%,X,3,0,"26,687","-5,083",O,X,"36,000","35,908","33,998","47,798",https://stock.naver.com/domestic/stock/365340/price
000880,한화,B,NEW (B),B등급 신규 포착,"127,600",21.54%,O,1,2,"17,351","-3,109",X,X,"127,280","134,340","107,807","116,595",https://stock.naver.com/domestic/stock/000880/price
445680,큐리옥스바이오시스템즈,B,NEW (B),B등급 신규 포착,"56,500",6.94%,X,0,3,"-15,892","28,128",O,X,"55,300","49,832","45,362","61,629",https://stock.naver.com/domestic/stock/445680/price
042000,카페24,B,NEW (B),B등급 신규 포착,"20,500",17.52%,X,0,3,"-289,977","117,499",O,X,"19,612","16,698","16,878","19,506",https://stock.naver.com/domestic/stock/042000/price
005930,삼성전자,B,-,등급 유지,"276,000",46.41%,X,0,2,"-4,300,462","-748,777",O,X,"273,000","265,775","258,867","271,288",https://stock.naver.com/domestic/stock/005930/price
000660,SK하이닉스,B,-,등급 유지,"1,842,000",49.75%,X,0,2,"-582,267","-35,188",O,X,"1,800,800","1,784,700","1,737,217","1,822,275",https://stock.naver.com/domestic/stock/000660/price
012450,한화에어로스페이스,B,-,등급 유지,"1,069,000",45.24%,X,0,2,"-13,711","40,288",O,X,"1,032,600","1,056,950","1,034,383","1,142,358",https://stock.naver.com/domestic/stock/012450/price
005935,삼성전자우,B,NEW (B),B등급 신규 포착,"201,500",75.45%,X,2,0,"-430,057","-693,790",O,O,"202,080","199,130","188,252","187,698",https://stock.naver.com/domestic/stock/005935/price
068270,셀트리온,B,NEW (B),B등급 신규 포착,"182,600",25.36%,X,0,2,"-67,544","35,937",O,X,"180,120","180,960","184,435","185,988",https://stock.naver.com/domestic/stock/068270/price
036570,NC,B,NEW (B),B등급 신규 포착,"244,500",38.31%,X,0,2,"-127,540","171,848",O,X,"222,600","213,975","226,108","244,588",https://stock.naver.com/domestic/stock/036570/price
222800,심텍,B,NEW (B),B등급 신규 포착,"170,200",13.57%,X,2,0,"184,890","-57,126",O,O,"155,680","135,830","115,578","111,188",https://stock.naver.com/domestic/stock/222800/price
033780,KT&G,B,NEW (B),B등급 신규 포착,"176,800",51.12%,X,0,2,"-135,288","16,133",O,X,"175,740","173,015","176,218","176,526",https://stock.naver.com/domestic/stock/033780/price
007660,이수페타시스,B,NEW (B),B등급 신규 포착,"122,000",15.80%,X,0,2,"-100,212","123,656",O,X,"118,240","111,845","99,498","113,563",https://stock.naver.com/domestic/stock/007660/price
119850,지엔씨에너지,B,NEW (B),B등급 신규 포착,"53,400",8.57%,X,2,0,"124,337","-266,024",O,O,"55,020","50,770","45,146","36,778",https://stock.naver.com/domestic/stock/119850/price
064290,인텍플러스,B,NEW (B),B등급 신규 포착,"59,100",5.32%,X,2,0,"118,406","-133,658",O,O,"56,260","48,860","38,728","36,954",https://stock.naver.com/domestic/stock/064290/price
003160,디아이,B,NEW (B),B등급 신규 포착,"42,500",18.57%,X,2,0,"437,341","-98,034",O,X,"39,020","33,512","26,314","27,952",https://stock.naver.com/domestic/stock/003160/price
010170,대한광통신,B,NEW (B),B등급 신규 포착,"17,860",3.83%,X,2,0,"-490,302","-131,096",O,X,"17,184","15,800","12,969","15,672",https://stock.naver.com/domestic/stock/010170/price
377300,카카오페이,B,NEW (B),B등급 신규 포착,"40,150",28.02%,O,1,1,"-4,282","-14,405",X,X,"40,240","43,182","42,789","45,955",https://stock.naver.com/domestic/stock/377300/price
032500,케이엠더블유,B,NEW (B),B등급 신규 포착,"21,000",5.38%,X,0,2,"-4,406","84,162",O,X,"19,412","17,438","16,130","22,303",https://stock.naver.com/domestic/stock/032500/price
064850,에프앤가이드,B,NEW (B),B등급 신규 포착,"21,150",9.73%,X,0,2,"-4,512","9,691",O,X,"20,636","18,427","18,469","22,647",https://stock.naver.com/domestic/stock/064850/price
139480,이마트,B,NEW (B),B등급 신규 포착,"72,000",22.72%,O,1,1,"-27,686","-4,708",X,X,"71,720","73,300","76,655","85,508",https://stock.naver.com/domestic/stock/139480/price
192650,드림텍,B,NEW (B),B등급 신규 포착,"9,400",58.42%,X,0,2,"199,219","740,038",O,X,"8,526","7,372","5,591","5,667",https://stock.naver.com/domestic/stock/192650/price
082920,비츠로셀,B,NEW (B),B등급 신규 포착,"29,700",28.64%,X,0,2,"-19,875","31,814",O,X,"28,740","28,550","29,706","39,756",https://stock.naver.com/domestic/stock/082920/price
484590,삼양컴텍,B,NEW (B),B등급 신규 포착,"7,540",4.57%,X,2,0,"76,013","13,632",O,X,"7,290","6,862","6,442","8,208",https://stock.naver.com/domestic/stock/484590/price
310210,보로노이,B,NEW (B),B등급 신규 포착,"144,900",5.82%,X,0,2,"15,089","20,730",O,X,"139,560","144,600","149,552","199,241",https://stock.naver.com/domestic/stock/310210/price
232140,와이씨,B,NEW (B),B등급 신규 포착,"16,930",6.33%,X,0,2,"65,425","405,577",O,X,"15,156","13,004","11,058","14,318",https://stock.naver.com/domestic/stock/232140/price
321550,티움바이오,B,NEW (B),B등급 신규 포착,"4,580",3.36%,X,0,2,"29,983","9,641",O,X,"4,612","4,575","4,347","6,057",https://stock.naver.com/domestic/stock/321550/price
358570,지아이이노베이션,B,NEW (B),B등급 신규 포착,"8,970",9.41%,X,0,2,"59,592","180,872",O,X,"8,614","8,664","8,212","10,656",https://stock.naver.com/domestic/stock/358570/price
0011A0,액스비스,B,NEW (B),B등급 신규 포착,"11,990",1.26%,X,2,0,"-26,236","-10,534",O,X,"11,664","11,424","9,734","14,392",https://stock.naver.com/domestic/stock/0011A0/price
477850,마키나락스,B,NEW (B),B등급 신규 포착,"22,850",0.00%,X,0,2,"123,821","46,199",O,X,"22,260","22,218","24,677",0,https://stock.naver.com/domestic/stock/477850/price
003490,대한항공,B,NEW (B),B등급 신규 포착,"30,850",26.31%,X,1,0,"-146,681","149,543",O,O,"31,390","30,210","27,747","26,957",https://stock.naver.com/domestic/stock/003490/price
395400,SK리츠,B,NEW (B),B등급 신규 포착,"5,300",8.28%,X,1,0,"58,269","-24,482",O,X,"5,264","5,272","5,508","5,734",https://stock.naver.com/domestic/stock/395400/price
192080,더블유게임즈,B,NEW (B),B등급 신규 포착,"57,800",21.45%,X,1,0,"5,885","-7,201",O,X,"58,200","57,785","59,507","60,532",https://stock.naver.com/domestic/stock/192080/price
103140,풍산,B,NEW (B),B등급 신규 포착,"79,100",12.94%,X,1,0,"36,351","-22,051",O,X,"78,100","78,135","74,602","79,673",https://stock.naver.com/domestic/stock/103140/price
030190,NICE평가정보,B,NEW (B),B등급 신규 포착,"16,460",32.59%,X,0,1,"-10,378","14,350",O,O,"16,184","15,972","15,170","14,871",https://stock.naver.com/domestic/stock/030190/price
160190,하이젠알앤엠,B,NEW (B),B등급 신규 포착,"29,100",0.34%,X,1,0,"11,927","-10,076",O,X,"28,890","25,035","19,805","26,591",https://stock.naver.com/domestic/stock/160190/price
290550,디케이티,B,NEW (B),B등급 신규 포착,"23,900",4.83%,X,0,1,"-53,809","89,334",O,X,"22,400","18,862","18,768","21,367",https://stock.naver.com/domestic/stock/290550/price
383220,F&F,B,NEW (B),B등급 신규 포착,"69,200",12.97%,X,0,1,"13,368","-8,949",O,X,"69,000","67,295","69,723","72,180",https://stock.naver.com/domestic/stock/383220/price
145720,덴티움,B,NEW (B),B등급 신규 포착,"38,650",13.10%,X,0,1,"-1,054","10,776",O,X,"37,240","37,405","38,454","43,295",https://stock.naver.com/domestic/stock/145720/price
336570,원텍,B,NEW (B),B등급 신규 포착,"5,070",3.42%,X,0,1,"167,078","3,930",O,X,"4,934","4,952","5,052","6,171",https://stock.naver.com/domestic/stock/336570/price
064760,티씨케이,B,NEW (B),B등급 신규 포착,"298,000",64.90%,X,1,0,"-5,507","1,916",O,X,"297,400","272,825","231,773","255,587",https://stock.naver.com/domestic/stock/064760/price
010820,퍼스텍,B,NEW (B),B등급 신규 포착,"6,540",11.50%,X,0,1,"50,952","-2,727",O,X,"6,330","6,164","5,943","8,102",https://stock.naver.com/domestic/stock/010820/price
281820,케이씨텍,B,NEW (B),B등급 신규 포착,"92,100",13.30%,X,0,1,"-62,446","1,022",O,O,"88,840","75,830","75,233","73,516",https://stock.naver.com/domestic/stock/281820/price
095610,테스,B,NEW (B),B등급 신규 포착,"178,400",7.84%,X,0,0,"-150,021","159,827",O,O,"172,380","151,400","148,132","137,508",https://stock.naver.com/domestic/stock/095610/price
240810,원익IPS,B,NEW (B),B등급 신규 포착,"139,400",14.06%,X,0,0,"-317,078","307,264",O,X,"133,800","122,185","113,002","121,906",https://stock.naver.com/domestic/stock/240810/price
353200,대덕전자,B,NEW (B),B등급 신규 포착,"149,200",16.70%,X,0,0,"-466,953","518,735",O,X,"136,700","111,525","110,393","121,820",https://stock.naver.com/domestic/stock/353200/price
000990,DB하이텍,B,NEW (B),B등급 신규 포착,"141,300",23.54%,X,0,0,"-213,815","63,538",O,X,"137,580","120,305","104,777","128,477",https://stock.naver.com/domestic/stock/000990/price
031980,피에스케이홀딩스,B,NEW (B),B등급 신규 포착,"193,600",6.91%,X,0,0,"39,596","-89,781",O,O,"182,780","162,950","131,045","127,425",https://stock.naver.com/domestic/stock/031980/price
178320,서진시스템,B,NEW (B),B등급 신규 포착,"41,850",13.79%,X,0,0,"-329,319","196,762",O,X,"38,970","35,705","37,035","49,563",https://stock.naver.com/domestic/stock/178320/price
011070,LG이노텍,B,NEW (B),B등급 신규 포착,"574,000",27.06%,X,0,0,"-10,391","-18,334",O,X,"575,800","547,800","587,283","705,962",https://stock.naver.com/domestic/stock/011070/price
319660,피에스케이,B,NEW (B),B등급 신규 포착,"152,000",21.20%,X,0,0,"-237,029","-45,915",O,X,"150,440","133,495","139,135","130,884",https://stock.naver.com/domestic/stock/319660/price
328130,루닛,B,NEW (B),B등급 신규 포착,"10,570",8.18%,X,0,0,"-213,792","-340,607",O,X,"11,110","9,416","9,703","15,641",https://stock.naver.com/domestic/stock/328130/price
095340,ISC,B,NEW (B),B등급 신규 포착,"210,000",26.94%,X,0,0,"-52,794","-25,582",O,X,"212,200","195,130","163,493","189,332",https://stock.naver.com/domestic/stock/095340/price
082740,한화엔진,B,NEW (B),B등급 신규 포착,"48,600",14.63%,X,0,0,"331,198","163,608",O,X,"48,260","48,590","46,404","54,759",https://stock.naver.com/domestic/stock/082740/price
458870,씨어스,B,NEW (B),B등급 신규 포착,"27,000",4.41%,X,0,0,"-20,710","-57,048",O,X,"26,490","24,210","25,324","31,743",https://stock.naver.com/domestic/stock/458870/price
020560,아시아나항공,B,NEW (B),B등급 신규 포착,"8,220",3.93%,X,0,0,"-11,063","106,681",O,O,"8,354","8,046","7,444","7,330",https://stock.naver.com/domestic/stock/020560/price
001430,세아베스틸지주,B,NEW (B),B등급 신규 포착,"46,900",6.03%,X,0,0,"-108,693","98,234",O,X,"45,890","43,625","39,492","48,431",https://stock.naver.com/domestic/stock/001430/price
039200,오스코텍,B,NEW (B),B등급 신규 포착,"36,650",12.43%,X,0,0,"-33,230","77,378",O,X,"36,250","35,775","34,383","39,490",https://stock.naver.com/domestic/stock/039200/price
001820,삼화콘덴서,B,NEW (B),B등급 신규 포착,"157,800",8.58%,X,0,0,"-83,937","-35,876",O,O,"153,760","136,485","106,112","102,860",https://stock.naver.com/domestic/stock/001820/price
376300,디어유,B,NEW (B),B등급 신규 포착,"18,790",3.17%,X,0,0,"-19,592","33,394",O,X,"18,304","17,796","19,146","22,916",https://stock.naver.com/domestic/stock/376300/price
089970,브이엠,B,NEW (B),B등급 신규 포착,"67,400",11.11%,X,0,0,"-250,110","94,887",O,X,"64,300","55,608","67,029","68,212",https://stock.naver.com/domestic/stock/089970/price
237690,에스티팜,B,NEW (B),B등급 신규 포착,"93,300",13.28%,X,0,0,"24,958","-16,914",O,X,"93,280","92,345","102,992","119,198",https://stock.naver.com/domestic/stock/237690/price
314130,지놈앤컴퍼니,B,NEW (B),B등급 신규 포착,"5,550",2.70%,X,0,0,"-15,204","-203,544",O,X,"5,055","3,926","3,873","4,867",https://stock.naver.com/domestic/stock/314130/price
020120,키다리스튜디오,B,NEW (B),B등급 신규 포착,"8,230",6.69%,X,0,0,"-70,380","22,148",O,O,"8,326","8,078","5,419","4,481",https://stock.naver.com/domestic/stock/020120/price
476830,알지노믹스,B,NEW (B),B등급 신규 포착,"28,250",9.49%,X,0,0,"127,074","32,998",O,X,"26,130","26,792","29,137","81,244",https://stock.naver.com/domestic/stock/476830/price
055550,신한지주,C,NEW (C),C등급 신규 포착,"105,900",61.42%,X,0,5,"-618,548","381,598",X,X,"107,620","111,230","107,458","102,894",https://stock.naver.com/domestic/stock/055550/price
259960,크래프톤,C,NEW (C),C등급 신규 포착,"199,500",43.43%,X,5,0,"32,354","-42,082",X,X,"198,480","206,195","224,840","238,995",https://stock.naver.com/domestic/stock/259960/price
192820,코스맥스,C,NEW (C),C등급 신규 포착,"271,000",35.29%,X,0,5,"-25,120","35,547",X,X,"272,800","272,875","236,163","210,111",https://stock.naver.com/domestic/stock/192820/price
018260,삼성에스디에스,C,NEW (C),C등급 신규 포착,"219,000",19.29%,X,5,0,"39,438","-11,045",X,X,"219,200","223,475","218,922","209,659",https://stock.naver.com/domestic/stock/018260/price
088980,맥쿼리인프라,C,NEW (C),C등급 신규 포착,"9,820",7.57%,X,0,5,"-576,505","496,053",X,X,"9,828","9,838","9,900","10,456",https://stock.naver.com/domestic/stock/088980/price
004170,신세계,C,NEW (C),C등급 신규 포착,"332,000",31.17%,X,5,0,"38,246","-47,729",X,X,"336,800","364,875","437,558","489,500",https://stock.naver.com/domestic/stock/004170/price
375500,DL이앤씨,C,NEW (C),C등급 신규 포착,"75,700",23.72%,X,5,0,"13,027","-79,881",X,X,"77,960","81,240","71,237","76,716",https://stock.naver.com/domestic/stock/375500/price
006360,GS건설,C,NEW (C),C등급 신규 포착,"33,150",20.13%,X,5,0,"496,145","-799,184",X,X,"34,020","35,688","32,673","32,596",https://stock.naver.com/domestic/stock/006360/price
005387,현대차2우B,C,NEW (C),C등급 신규 포착,"175,800",54.62%,X,0,5,"-98,676","35,234",X,X,"177,400","178,865","191,415","220,287",https://stock.naver.com/domestic/stock/005387/price
004370,농심,C,NEW (C),C등급 신규 포착,"402,000",25.23%,X,0,5,"-10,852","8,537",X,X,"402,400","406,725","397,825","385,162",https://stock.naver.com/domestic/stock/004370/price
069620,대웅제약,C,NEW (C),C등급 신규 포착,"109,300",14.52%,X,0,5,"-4,326","6,391",X,X,"108,000","110,840","120,120","127,233",https://stock.naver.com/domestic/stock/069620/price
014830,유니드,C,NEW (C),C등급 신규 포착,"61,100",11.64%,X,0,5,"-6,142","4,920",X,X,"60,680","62,045","62,240","69,182",https://stock.naver.com/domestic/stock/014830/price
012330,현대모비스,C,NEW (C),C등급 신규 포착,"385,500",37.67%,X,0,4,"-129,163","88,942",X,X,"378,000","394,525","453,950","497,483",https://stock.naver.com/domestic/stock/012330/price
278470,에이피알,C,NEW (C),C등급 신규 포착,"367,000",38.39%,X,4,0,"48,978","-33,368",X,X,"365,400","369,250","379,150","390,879",https://stock.naver.com/domestic/stock/278470/price
263750,펄어비스,C,NEW (C),C등급 신규 포착,"33,450",5.15%,X,4,0,"93,850","10,247",X,X,"33,010","34,078","33,719","40,339",https://stock.naver.com/domestic/stock/263750/price
214450,파마리서치,C,NEW (C),C등급 신규 포착,"307,000",13.68%,X,4,0,"73,055","-139,840",X,X,"313,000","338,725","364,625","337,438",https://stock.naver.com/domestic/stock/214450/price
051910,LG화학,C,NEW (C),C등급 신규 포착,"262,000",36.43%,X,0,3,"-18,100","44,030",X,X,"256,500","267,900","264,525","308,404",https://stock.naver.com/domestic/stock/051910/price
141080,리가켐바이오,C,NEW (C),C등급 신규 포착,"83,000",13.45%,X,0,3,"-96,867","79,539",X,X,"81,680","84,520","97,622","130,816",https://stock.naver.com/domestic/stock/141080/price
300720,한일시멘트,C,NEW (C),C등급 신규 포착,"16,100",4.48%,X,0,3,"-14,570","14,425",X,X,"16,152","16,376","15,326","15,405",https://stock.naver.com/domestic/stock/300720/price
326030,SK바이오팜,C,NEW (C),C등급 신규 포착,"76,400",11.78%,X,0,3,"-41,691","7,325",X,X,"75,660","79,480","81,815","88,076",https://stock.naver.com/domestic/stock/326030/price
009970,영원무역홀딩스,C,NEW (C),C등급 신규 포착,"164,600",23.08%,X,0,3,"-4,326","2,127",X,X,"164,260","167,880","180,562","187,618",https://stock.naver.com/domestic/stock/009970/price
001720,신영증권,C,NEW (C),C등급 신규 포착,"139,400",6.30%,X,3,0,"17,641","-23,146",X,X,"139,720","143,510","148,197","167,302",https://stock.naver.com/domestic/stock/001720/price
105560,KB금융,C,-,등급 유지,"168,400",78.56%,X,0,2,"-369,270","91,083",X,X,"170,520","174,680","172,130","165,072",https://stock.naver.com/domestic/stock/105560/price
316140,우리금융지주,C,NEW (C),C등급 신규 포착,"33,750",52.14%,X,0,2,"17,617,215","812,867",X,X,"34,930","35,155","33,356","32,577",https://stock.naver.com/domestic/stock/316140/price
005830,DB손해보험,C,NEW (C),C등급 신규 포착,"182,500",43.31%,X,2,0,"10,701","-34,087",X,X,"186,520","189,075","174,660","164,903",https://stock.naver.com/domestic/stock/005830/price
032830,삼성생명,C,NEW (C),C등급 신규 포착,"288,000",23.08%,X,0,2,"-27,856","-29,420",X,X,"287,600","294,650","302,008","321,408",https://stock.naver.com/domestic/stock/032830/price
028260,삼성물산,C,NEW (C),C등급 신규 포착,"347,000",30.55%,X,2,0,"38,278","-18,916",X,X,"345,500","361,050","357,792","379,829",https://stock.naver.com/domestic/stock/028260/price
267260,HD현대일렉트릭,C,NEW (C),C등급 신규 포착,"678,000",33.90%,X,2,0,"-1,217","-41,495",X,X,"679,800","714,750","747,733","922,958",https://stock.naver.com/domestic/stock/267260/price
035250,강원랜드,C,NEW (C),C등급 신규 포착,"14,330",8.84%,X,0,2,"-214,968","13,629",X,X,"14,348","14,569","14,529","15,159",https://stock.naver.com/domestic/stock/035250/price
181710,NHN,C,NEW (C),C등급 신규 포착,"57,300",14.70%,X,0,2,-229,"-8,321",X,X,"55,840","58,365","53,107","46,543",https://stock.naver.com/domestic/stock/181710/price
138040,메리츠금융지주,C,NEW (C),C등급 신규 포착,"128,800",14.16%,X,0,2,"-97,251","73,607",X,O,"129,640","129,400","122,482","116,320",https://stock.naver.com/domestic/stock/138040/price
041510,에스엠,C,NEW (C),C등급 신규 포착,"78,800",30.63%,X,0,2,"-26,914","5,014",X,X,"81,000","82,065","75,983","80,088",https://stock.naver.com/domestic/stock/041510/price
006800,미래에셋증권,C,NEW (C),C등급 신규 포착,"31,600",11.78%,X,0,2,"195,769","124,165",X,X,"31,410","32,770","35,224","47,985",https://stock.naver.com/domestic/stock/006800/price
323410,카카오뱅크,C,NEW (C),C등급 신규 포착,"19,730",17.14%,X,0,2,"-850,326","-13,470",X,X,"20,030","20,892","21,621","22,420",https://stock.naver.com/domestic/stock/323410/price
051900,LG생활건강,C,NEW (C),C등급 신규 포착,"271,500",31.54%,X,2,0,"4,632","-25,152",X,X,"277,500","290,550","285,867","267,488",https://stock.naver.com/domestic/stock/051900/price
415640,KB발해인프라,C,NEW (C),C등급 신규 포착,"10,040",3.34%,X,0,2,"-31,265",-508,X,X,"10,052","10,366","10,483","10,216",https://stock.naver.com/domestic/stock/415640/price
003550,LG,C,NEW (C),C등급 신규 포착,"111,400",36.60%,X,0,2,"-10,005","-3,410",X,X,"111,260","114,670","108,665","107,968",https://stock.naver.com/domestic/stock/003550/price
032640,LG유플러스,C,NEW (C),C등급 신규 포착,"14,570",40.95%,X,0,2,"-124,085","-21,487",X,X,"14,640","14,718","14,790","15,238",https://stock.naver.com/domestic/stock/032640/price
122900,아이마켓코리아,C,NEW (C),C등급 신규 포착,"8,200",3.84%,X,2,0,"4,074","2,888",X,O,"8,252","8,224","7,838","7,634",https://stock.naver.com/domestic/stock/122900/price
001450,현대해상,C,NEW (C),C등급 신규 포착,"47,650",39.43%,X,2,0,"80,676","-84,733",X,X,"48,280","49,372","44,722","39,430",https://stock.naver.com/domestic/stock/001450/price
007310,오뚜기,C,NEW (C),C등급 신규 포착,"318,000",11.16%,X,0,2,"-1,381",228,X,X,"316,300","323,850","323,775","332,642",https://stock.naver.com/domestic/stock/007310/price
000080,하이트진로,C,NEW (C),C등급 신규 포착,"14,810",7.54%,X,0,2,"-68,816","-10,077",X,X,"14,924","15,162","15,236","15,782",https://stock.naver.com/domestic/stock/000080/price
011210,현대위아,C,NEW (C),C등급 신규 포착,"53,300",19.19%,X,0,2,"-14,531","-1,506",X,X,"53,000","55,215","58,347","69,271",https://stock.naver.com/domestic/stock/011210/price
035890,서희건설,C,NEW (C),C등급 신규 포착,"2,230",3.94%,X,2,0,"70,100","8,847",X,X,"2,213","2,308","2,146","2,117",https://stock.naver.com/domestic/stock/035890/price
214150,클래시스,C,NEW (C),C등급 신규 포착,"30,850",68.23%,X,2,0,"7,534","-42,878",X,X,"30,860","31,312","37,732","43,975",https://stock.naver.com/domestic/stock/214150/price
005490,POSCO홀딩스,C,NEW (C),C등급 신규 포착,"311,500",32.14%,X,0,1,"-93,990","-4,112",X,X,"309,100","324,050","319,842","360,717",https://stock.naver.com/domestic/stock/005490/price
086790,하나금융지주,C,NEW (C),C등급 신규 포착,"129,600",68.52%,X,0,1,"18,441","-198,854",X,X,"131,620","135,360","131,910","126,332",https://stock.naver.com/domestic/stock/086790/price
000270,기아,C,NEW (C),C등급 신규 포착,"113,200",39.10%,X,1,0,"-140,639","-225,164",X,X,"114,640","121,330","131,002","144,288",https://stock.naver.com/domestic/stock/000270/price
024110,기업은행,C,NEW (C),C등급 신규 포착,"20,300",13.45%,X,0,1,"-811,050","50,300",X,X,"20,440","20,518","20,592","20,962",https://stock.naver.com/domestic/stock/024110/price
000810,삼성화재,C,NEW (C),C등급 신규 포착,"629,000",57.48%,X,0,1,"-12,511","1,016",X,X,"641,200","656,050","645,683","606,408",https://stock.naver.com/domestic/stock/000810/price
175330,JB금융지주,C,NEW (C),C등급 신규 포착,"29,000",33.55%,X,0,1,"-167,611","32,866",X,X,"29,660","31,048","28,682","27,676",https://stock.naver.com/domestic/stock/175330/price
034730,SK,C,NEW (C),C등급 신규 포착,"578,000",30.16%,X,1,0,"12,101","-5,091",X,O,"582,800","578,950","570,558","568,162",https://stock.naver.com/domestic/stock/034730/price
010140,삼성중공업,C,NEW (C),C등급 신규 포착,"19,920",27.73%,X,0,1,"208,729","-408,374",X,X,"19,830","20,858","21,232","24,860",https://stock.naver.com/domestic/stock/010140/price
329180,HD현대중공업,C,NEW (C),C등급 신규 포착,"426,000",13.82%,X,1,0,"50,412","-107,748",X,X,"432,400","448,500","469,125","548,271",https://stock.naver.com/domestic/stock/329180/price
009540,HD한국조선해양,C,NEW (C),C등급 신규 포착,"326,500",33.21%,X,0,1,"-33,306","27,423",X,X,"326,800","341,700","355,258","383,746",https://stock.naver.com/domestic/stock/009540/price
006260,LS,C,NEW (C),C등급 신규 포착,"299,000",16.53%,X,1,0,"-47,945","-90,004",X,X,"307,500","312,150","306,258","361,421",https://stock.naver.com/domestic/stock/006260/price
052690,한전기술,C,NEW (C),C등급 신규 포착,"126,700",11.48%,X,1,0,"-1,158",-751,X,X,"124,720","131,650","109,675","128,763",https://stock.naver.com/domestic/stock/052690/price
000150,두산,C,NEW (C),C등급 신규 포착,"1,338,000",18.33%,X,1,0,"-5,403","-51,562",X,X,"1,381,000","1,344,450","1,245,067","1,414,833",https://stock.naver.com/domestic/stock/000150/price
003690,코리안리,C,NEW (C),C등급 신규 포착,"14,400",26.28%,X,0,1,"-252,011","-11,652",X,X,"14,676","14,802","14,360","13,613",https://stock.naver.com/domestic/stock/003690/price
017800,현대엘리베이터,C,NEW (C),C등급 신규 포착,"73,100",21.64%,X,1,0,"-31,356","-23,998",X,X,"73,220","74,100","71,965","78,817",https://stock.naver.com/domestic/stock/017800/price
004020,현대제철,C,NEW (C),C등급 신규 포착,"30,100",14.08%,X,1,0,"92,851","-389,724",X,X,"30,370","32,880","29,443","33,495",https://stock.naver.com/domestic/stock/004020/price
029780,삼성카드,C,NEW (C),C등급 신규 포착,"42,200",5.07%,X,0,1,"-20,473","-14,727",X,X,"42,440","44,412","46,442","48,209",https://stock.naver.com/domestic/stock/029780/price
257720,실리콘투,C,NEW (C),C등급 신규 포착,"37,200",11.94%,X,1,0,"-213,348","-92,040",X,X,"38,170","42,375","41,446","40,424",https://stock.naver.com/domestic/stock/257720/price
267250,HD현대,C,NEW (C),C등급 신규 포착,"200,500",26.56%,X,1,0,"-29,543","-34,341",X,X,"203,120","222,880","215,505","236,892",https://stock.naver.com/domestic/stock/267250/price
462870,시프트업,C,NEW (C),C등급 신규 포착,"31,000",36.75%,X,0,1,"-10,247",-567,X,X,"31,130","31,398","32,003","32,033",https://stock.naver.com/domestic/stock/462870/price
161390,한국타이어앤테크놀로지,C,NEW (C),C등급 신규 포착,"60,000",39.49%,X,0,1,"70,618","-113,189",X,X,"59,340","60,920","66,365","65,209",https://stock.naver.com/domestic/stock/161390/price
081660,미스토홀딩스,C,NEW (C),C등급 신규 포착,"39,050",40.39%,X,0,1,"-89,890","54,753",X,X,"38,190","39,268","42,598","41,587",https://stock.naver.com/domestic/stock/081660/price
005180,빙그레,C,NEW (C),C등급 신규 포착,"83,700",24.15%,X,1,0,"-27,977","46,436",X,X,"85,740","86,520","78,010","74,475",https://stock.naver.com/domestic/stock/005180/price
006040,동원산업,C,NEW (C),C등급 신규 포착,"35,450",4.69%,X,1,0,"1,186","-7,824",X,X,"35,560","36,550","36,225","36,010",https://stock.naver.com/domestic/stock/006040/price
241710,코스메카코리아,C,NEW (C),C등급 신규 포착,"110,700",25.03%,X,1,0,"12,215","-58,885",X,X,"119,280","126,665","111,667","94,096",https://stock.naver.com/domestic/stock/241710/price
267270,HD건설기계,C,NEW (C),C등급 신규 포착,"118,000",15.61%,X,1,0,"14,423","-416,775",X,X,"123,200","134,675","131,810","144,267",https://stock.naver.com/domestic/stock/267270/price
017960,한국카본,C,NEW (C),C등급 신규 포착,"20,650",12.83%,X,0,1,"-47,655","-1,664",X,X,"20,246","21,272","22,517","30,567",https://stock.naver.com/domestic/stock/017960/price
071970,HD현대마린엔진,C,NEW (C),C등급 신규 포착,"49,050",12.58%,X,1,0,"79,465","-27,041",X,X,"48,540","50,275","53,936","66,418",https://stock.naver.com/domestic/stock/071970/price
439260,대한조선,C,NEW (C),C등급 신규 포착,"46,050",2.20%,X,0,1,"-2,854","1,370",X,X,"45,660","46,512","47,825","59,845",https://stock.naver.com/domestic/stock/439260/price
192400,쿠쿠홀딩스,C,NEW (C),C등급 신규 포착,"26,950",10.70%,X,1,0,"-5,752","-1,740",X,X,"27,140","27,302","26,798","26,761",https://stock.naver.com/domestic/stock/192400/price
381970,KG모빌리티플랫폼,C,NEW (C),C등급 신규 포착,"6,270",7.53%,X,1,0,"-16,021","10,950",X,X,"6,352","6,410","6,935","8,262",https://stock.naver.com/domestic/stock/381970/price
00680K,미래에셋증권2우B,C,NEW (C),C등급 신규 포착,"10,190",23.52%,X,0,1,"-182,782","60,955",X,X,"10,318","10,692","11,334","14,435",https://stock.naver.com/domestic/stock/00680K/price
241560,두산밥캣,C,NEW (C),C등급 신규 포착,"55,500",38.80%,X,0,1,"-4,279","-54,441",X,X,"55,820","59,770","61,453","64,730",https://stock.naver.com/domestic/stock/241560/price
069960,현대백화점,C,NEW (C),C등급 신규 포착,"88,800",25.00%,X,1,0,"6,190","-11,487",X,X,"89,580","96,220","112,158","123,148",https://stock.naver.com/domestic/stock/069960/price
271560,오리온,C,NEW (C),C등급 신규 포착,"105,700",38.90%,X,1,0,"-22,098","-56,847",X,X,"108,180","114,980","125,713","130,554",https://stock.naver.com/domestic/stock/271560/price
067160,SOOP,C,NEW (C),C등급 신규 포착,"36,300",28.83%,X,1,0,"-5,113","-5,312",X,X,"36,500","37,042","41,498","47,043",https://stock.naver.com/domestic/stock/067160/price
012630,HDC,C,NEW (C),C등급 신규 포착,"23,500",25.08%,X,1,0,"15,974","-35,449",X,X,"25,020","25,508","22,739","23,203",https://stock.naver.com/domestic/stock/012630/price
185750,종근당,C,NEW (C),C등급 신규 포착,"65,300",15.39%,X,0,1,"-2,289","-3,030",X,X,"64,840","66,055","67,477","73,013",https://stock.naver.com/domestic/stock/185750/price
005380,현대차,C,-,등급 유지,"347,000",24.11%,X,0,0,"-196,057","-109,024",X,X,"349,500","368,150","397,092","491,229",https://stock.naver.com/domestic/stock/005380/price
196170,알테오젠,C,-,등급 유지,"259,500",15.43%,X,0,0,"26,728","150,893",X,X,"257,000","264,275","291,992","324,779",https://stock.naver.com/domestic/stock/196170/price
034020,두산에너빌리티,C,NEW (C),C등급 신규 포착,"81,400",22.55%,X,0,0,"-812,628","-156,495",X,X,"81,440","84,990","78,225","91,972",https://stock.naver.com/domestic/stock/034020/price
035420,NAVER,C,NEW (C),C등급 신규 포착,"192,200",35.50%,X,0,0,"-223,971","-358,121",X,X,"193,760","202,535","206,877","211,877",https://stock.naver.com/domestic/stock/035420/price
035720,카카오,C,NEW (C),C등급 신규 포착,"33,400",28.75%,X,0,0,"-248,984","-205,130",X,X,"33,660","34,400","35,965","39,223",https://stock.naver.com/domestic/stock/035720/price
207940,삼성바이오로직스,C,NEW (C),C등급 신규 포착,"1,366,000",13.18%,X,0,0,"-19,253","-1,335",X,X,"1,392,400","1,413,450","1,463,167","1,446,200",https://stock.naver.com/domestic/stock/207940/price
298040,효성중공업,C,NEW (C),C등급 신규 포착,"2,790,000",27.15%,X,0,0,"-6,599","-7,337",X,X,"2,797,000","2,835,700","2,776,683","3,179,867",https://stock.naver.com/domestic/stock/298040/price
042660,한화오션,C,NEW (C),C등급 신규 포착,"78,700",9.91%,X,0,0,"-144,659","-312,591",X,X,"79,140","83,240","85,067","102,802",https://stock.naver.com/domestic/stock/042660/price
078930,GS,C,NEW (C),C등급 신규 포착,"105,100",20.53%,X,0,0,"107,285","-189,447",X,X,"107,380","114,570","104,300","88,892",https://stock.naver.com/domestic/stock/078930/price
000720,현대건설,C,NEW (C),C등급 신규 포착,"114,700",25.06%,X,0,0,"-32,936","-354,805",X,X,"118,260","124,965","113,113","130,652",https://stock.naver.com/domestic/stock/000720/price
352820,하이브,C,NEW (C),C등급 신규 포착,"155,400",18.02%,X,0,0,"-24,884","-28,655",X,X,"158,020","167,735","182,215","206,193",https://stock.naver.com/domestic/stock/352820/price
030200,KT,C,NEW (C),C등급 신규 포착,"52,000",49.00%,X,0,0,"-13,328","-215,515",X,X,"52,300","53,085","53,217","55,251",https://stock.naver.com/domestic/stock/030200/price
000100,유한양행,C,NEW (C),C등급 신규 포착,"74,200",20.93%,X,0,0,"23,725","-40,153",X,X,"73,820","77,205","76,727","80,205",https://stock.naver.com/domestic/stock/000100/price
161890,한국콜마,C,NEW (C),C등급 신규 포착,"137,100",40.76%,X,0,0,"-90,451","-134,466",X,O,"145,260","145,090","127,473","108,532",https://stock.naver.com/domestic/stock/161890/price
015760,한국전력,C,NEW (C),C등급 신규 포착,"30,100",20.46%,X,0,0,"-286,152","-268,009",X,X,"30,180","31,540","33,222","36,985",https://stock.naver.com/domestic/stock/015760/price
047040,대우건설,C,NEW (C),C등급 신규 포착,"17,690",9.38%,X,0,0,"-6,045",453,X,X,"17,902","18,478","16,948","21,496",https://stock.naver.com/domestic/stock/047040/price
122870,와이지엔터테인먼트,C,NEW (C),C등급 신규 포착,"40,700",9.07%,X,0,0,"-66,375","-6,082",X,X,"42,210","42,970","41,197","44,506",https://stock.naver.com/domestic/stock/122870/price
090430,아모레퍼시픽,C,NEW (C),C등급 신규 포착,"132,500",26.08%,X,0,0,"-20,509","-30,075",X,X,"138,320","141,220","134,458","127,351",https://stock.naver.com/domestic/stock/090430/price
039490,키움증권,C,NEW (C),C등급 신규 포착,"259,000",29.96%,X,0,0,"1,583","6,145",X,X,"256,400","266,025","284,408","340,096",https://stock.naver.com/domestic/stock/039490/price
028050,삼성E&A,C,NEW (C),C등급 신규 포착,"47,850",37.73%,X,0,0,"-102,975","-203,940",X,X,"48,170","49,512","46,885","48,862",https://stock.naver.com/domestic/stock/028050/price
180640,한진칼,C,NEW (C),C등급 신규 포착,"132,800",18.87%,X,0,0,"8,332","-8,089",X,X,"134,660","139,150","125,890","121,085",https://stock.naver.com/domestic/stock/180640/price
035760,CJ ENM,C,NEW (C),C등급 신규 포착,"35,100",10.74%,X,0,0,"-24,989","-18,900",X,X,"37,110","36,148","33,570","38,562",https://stock.naver.com/domestic/stock/035760/price
003230,삼양식품,C,NEW (C),C등급 신규 포착,"1,215,000",18.77%,X,0,0,-195,"-8,151",X,X,"1,218,200","1,276,600","1,261,283","1,247,925",https://stock.naver.com/domestic/stock/003230/price
298380,에이비엘바이오,C,NEW (C),C등급 신규 포착,"51,800",15.06%,X,0,0,"-48,284","52,528",X,X,"50,620","59,190","71,130","95,988",https://stock.naver.com/domestic/stock/298380/price
083650,비에이치아이,C,NEW (C),C등급 신규 포착,"59,500",7.59%,X,0,0,"-77,556","-63,467",X,X,"59,860","63,140","55,070","66,583",https://stock.naver.com/domestic/stock/083650/price
035900,JYP Ent.,C,NEW (C),C등급 신규 포착,"37,500",13.01%,X,0,0,"-87,792","23,830",X,X,"37,790","38,608","42,370","50,126",https://stock.naver.com/domestic/stock/035900/price
023590,다우기술,C,NEW (C),C등급 신규 포착,"37,950",27.44%,X,0,0,"-2,317","-6,305",X,X,"38,340","39,020","38,148","40,338",https://stock.naver.com/domestic/stock/023590/price
123890,한국자산신탁,C,NEW (C),C등급 신규 포착,"2,410",5.71%,X,0,0,"-14,331","-23,761",X,X,"2,430","2,492","2,396","2,406",https://stock.naver.com/domestic/stock/123890/price
008770,호텔신라,C,NEW (C),C등급 신규 포착,"39,400",18.56%,X,0,0,"-226,600","-122,773",X,X,"39,730","40,868","43,614","49,746",https://stock.naver.com/domestic/stock/008770/price
034230,파라다이스,C,NEW (C),C등급 신규 포착,"9,390",6.89%,X,0,0,"-106,496","-109,372",X,X,"9,480","9,743","10,089","12,435",https://stock.naver.com/domestic/stock/034230/price
087010,펩트론,C,NEW (C),C등급 신규 포착,"130,600",4.84%,X,0,0,"-32,955","-2,688",X,X,"134,260","145,555","152,857","199,531",https://stock.naver.com/domestic/stock/087010/price
034220,LG디스플레이,C,NEW (C),C등급 신규 포착,"8,570",26.54%,X,0,0,"413,568","-197,616",X,X,"8,442","8,690","9,442","11,395",https://stock.naver.com/domestic/stock/034220/price
475150,SK이터닉스,C,NEW (C),C등급 신규 포착,"49,800",4.07%,X,0,0,"-51,410","-59,530",X,X,"50,220","50,780","52,504","50,400",https://stock.naver.com/domestic/stock/475150/price
111770,영원무역,C,NEW (C),C등급 신규 포착,"67,300",29.21%,X,0,0,"-19,003","-22,785",X,X,"69,560","72,115","79,795","80,433",https://stock.naver.com/domestic/stock/111770/price
294870,IPARK현대산업개발,C,NEW (C),C등급 신규 포착,"22,350",17.66%,X,0,0,"-94,657","19,666",X,X,"22,940","23,500","21,682","21,461",https://stock.naver.com/domestic/stock/294870/price
005440,현대지에프홀딩스,C,NEW (C),C등급 신규 포착,"12,690",8.97%,X,0,0,"-460,155","28,291",X,X,"12,714","12,840","12,464","13,310",https://stock.naver.com/domestic/stock/005440/price
000120,CJ대한통운,C,NEW (C),C등급 신규 포착,"70,700",15.19%,X,0,0,"-22,625","-12,268",X,X,"70,340","71,680","73,418","81,813",https://stock.naver.com/domestic/stock/000120/price
086900,메디톡스,C,NEW (C),C등급 신규 포착,"66,900",12.30%,X,0,0,"-4,201",-869,X,X,"67,280","68,245","70,893","82,670",https://stock.naver.com/domestic/stock/086900/price
145020,휴젤,C,NEW (C),C등급 신규 포착,"180,400",56.53%,X,0,0,"-12,345","-3,447",X,X,"182,060","215,295","236,365","247,478",https://stock.naver.com/domestic/stock/145020/price
009420,한올바이오파마,C,NEW (C),C등급 신규 포착,"46,400",4.56%,X,0,0,"-25,095","-20,231",X,X,"45,000","49,078","52,569","52,265",https://stock.naver.com/domestic/stock/009420/price
002310,아세아제지,C,NEW (C),C등급 신규 포착,"7,900",4.80%,X,0,0,"15,653","-4,902",X,X,"7,988","8,452","8,023","8,181",https://stock.naver.com/domestic/stock/002310/price
214320,이노션,C,NEW (C),C등급 신규 포착,"18,190",19.29%,X,0,0,"-46,664","29,040",X,X,"18,212","18,364","18,747","19,133",https://stock.naver.com/domestic/stock/214320/price
001680,대상,C,NEW (C),C등급 신규 포착,"17,810",16.13%,X,0,0,"-33,345","-6,017",X,X,"17,994","18,321","17,958","18,613",https://stock.naver.com/domestic/stock/001680/price
394420,리센스메디컬,C,NEW (C),C등급 신규 포착,"8,810",3.96%,X,0,0,"-20,718","-91,093",X,X,"9,256","9,470","10,890","17,278",https://stock.naver.com/domestic/stock/394420/price
