종목코드,종목명,섹터,상세페이지
005930,삼성전자,반도체/소부장,https://stock.naver.com/domestic/stock/005930/price
000660,SK하이닉스,반도체/소부장,https://stock.naver.com/domestic/stock/000660/price
009150,삼성전기,IT/소프트웨어/AI,https://stock.naver.com/domestic/stock/009150/price
402340,SK스퀘어,반도체/소부장,https://stock.naver.com/domestic/stock/402340/price
105560,KB금융,금융/지주,https://stock.naver.com/domestic/stock/105560/price
005380,현대차,자동차/모빌리티,https://stock.naver.com/domestic/stock/005380/price
055550,신한지주,금융/지주,https://stock.naver.com/domestic/stock/055550/price
012450,한화에어로스페이스,조선/방산/중공업,https://stock.naver.com/domestic/stock/012450/price
034020,두산에너빌리티,전력/에너지/원자력,https://stock.naver.com/domestic/stock/034020/price
028260,삼성물산,전력/에너지/원자력,https://stock.naver.com/domestic/stock/028260/price
006400,삼성SDI,2차전지/배터리,https://stock.naver.com/domestic/stock/006400/price
373220,LG에너지솔루션,2차전지/배터리,https://stock.naver.com/domestic/stock/373220/price
086790,하나금융지주,금융/지주,https://stock.naver.com/domestic/stock/086790/price
000270,기아,자동차/모빌리티,https://stock.naver.com/domestic/stock/000270/price
207940,삼성바이오로직스,바이오/헬스케어,https://stock.naver.com/domestic/stock/207940/price
222800,심텍,반도체/소부장,https://stock.naver.com/domestic/stock/222800/price
196170,알테오젠,바이오/헬스케어,https://stock.naver.com/domestic/stock/196170/price
035420,NAVER,IT/소프트웨어/AI,https://stock.naver.com/domestic/stock/035420/price
012330,현대모비스,자동차/모빌리티,https://stock.naver.com/domestic/stock/012330/price
316140,우리금융지주,금융/지주,https://stock.naver.com/domestic/stock/316140/price
240810,원익IPS,반도체/소부장,https://stock.naver.com/domestic/stock/240810/price
403870,HPSP,반도체/소부장,https://stock.naver.com/domestic/stock/403870/price
066570,LG전자,IT/소프트웨어/AI,https://stock.naver.com/domestic/stock/066570/price
005490,POSCO홀딩스,2차전지/배터리,https://stock.naver.com/domestic/stock/005490/price
039030,이오테크닉스,반도체/소부장,https://stock.naver.com/domestic/stock/039030/price
086520,에코프로,2차전지/배터리,https://stock.naver.com/domestic/stock/086520/price
010120,LS ELECTRIC,전력/에너지/원자력,https://stock.naver.com/domestic/stock/010120/price
058470,리노공업,반도체/소부장,https://stock.naver.com/domestic/stock/058470/price
036930,주성엔지니어링,반도체/소부장,https://stock.naver.com/domestic/stock/036930/price
247540,에코프로비엠,2차전지/배터리,https://stock.naver.com/domestic/stock/247540/price
068270,셀트리온,바이오/헬스케어,https://stock.naver.com/domestic/stock/068270/price
042700,한미반도체,반도체/소부장,https://stock.naver.com/domestic/stock/042700/price
032830,삼성생명,금융/지주,https://stock.naver.com/domestic/stock/032830/price
175330,JB금융지주,금융/지주,https://stock.naver.com/domestic/stock/175330/price
005830,DB손해보험,금융/지주,https://stock.naver.com/domestic/stock/005830/price
030000,제일기획,일반 주도주,https://stock.naver.com/domestic/stock/030000/price
003670,포스코퓨처엠,2차전지/배터리,https://stock.naver.com/domestic/stock/003670/price
011070,LG이노텍,IT/소프트웨어/AI,https://stock.naver.com/domestic/stock/011070/price
007660,이수페타시스,반도체/소부장,https://stock.naver.com/domestic/stock/007660/price
005935,삼성전자우,IT/소프트웨어/AI,https://stock.naver.com/domestic/stock/005935/price
024110,기업은행,금융/지주,https://stock.naver.com/domestic/stock/024110/price
096770,SK이노베이션,2차전지/배터리,https://stock.naver.com/domestic/stock/096770/price
035720,카카오,IT/소프트웨어/AI,https://stock.naver.com/domestic/stock/035720/price
259960,크래프톤,IT/소프트웨어/AI,https://stock.naver.com/domestic/stock/259960/price
095610,테스,반도체/소부장,https://stock.naver.com/domestic/stock/095610/price
028300,HLB,바이오/헬스케어,https://stock.naver.com/domestic/stock/028300/price
000810,삼성화재,금융/지주,https://stock.naver.com/domestic/stock/000810/price
051910,LG화학,2차전지/배터리,https://stock.naver.com/domestic/stock/051910/price
353200,대덕전자,반도체/소부장,https://stock.naver.com/domestic/stock/353200/price
319660,피에스케이,반도체/소부장,https://stock.naver.com/domestic/stock/319660/price
329180,HD현대중공업,조선/방산/중공업,https://stock.naver.com/domestic/stock/329180/price
034730,SK,전력/에너지/원자력,https://stock.naver.com/domestic/stock/034730/price
031980,피에스케이홀딩스,반도체/소부장,https://stock.naver.com/domestic/stock/031980/price
000990,DB하이텍,반도체/소부장,https://stock.naver.com/domestic/stock/000990/price
298040,효성중공업,전력/에너지/원자력,https://stock.naver.com/domestic/stock/298040/price
006260,LS,IT/소프트웨어/AI,https://stock.naver.com/domestic/stock/006260/price
062040,산일전기,전력/에너지/원자력,https://stock.naver.com/domestic/stock/062040/price
078930,GS,전력/에너지/원자력,https://stock.naver.com/domestic/stock/078930/price
066970,엘앤에프,2차전지/배터리,https://stock.naver.com/domestic/stock/066970/price
071050,한국금융지주,금융/지주,https://stock.naver.com/domestic/stock/071050/price
009830,한화솔루션,전력/에너지/원자력,https://stock.naver.com/domestic/stock/009830/price
036570,NC,IT/소프트웨어/AI,https://stock.naver.com/domestic/stock/036570/price
018260,삼성에스디에스,IT/소프트웨어/AI,https://stock.naver.com/domestic/stock/018260/price
016360,삼성증권,금융/지주,https://stock.naver.com/domestic/stock/016360/price
017670,SK텔레콤,IT/소프트웨어/AI,https://stock.naver.com/domestic/stock/017670/price
005940,NH투자증권,금융/지주,https://stock.naver.com/domestic/stock/005940/price
030200,KT,IT/소프트웨어/AI,https://stock.naver.com/domestic/stock/030200/price
011790,SKC,2차전지/배터리,https://stock.naver.com/domestic/stock/011790/price
047810,한국항공우주,조선/방산/중공업,https://stock.naver.com/domestic/stock/047810/price
272210,한화시스템,조선/방산/중공업,https://stock.naver.com/domestic/stock/272210/price
138930,BNK금융지주,금융/지주,https://stock.naver.com/domestic/stock/138930/price
033780,KT&G,전력/에너지/원자력,https://stock.naver.com/domestic/stock/033780/price
128940,한미약품,바이오/헬스케어,https://stock.naver.com/domestic/stock/128940/price
042660,한화오션,조선/방산/중공업,https://stock.naver.com/domestic/stock/042660/price
108490,로보티즈,IT/소프트웨어/AI,https://stock.naver.com/domestic/stock/108490/price
307950,현대오토에버,IT/소프트웨어/AI,https://stock.naver.com/domestic/stock/307950/price
079550,LIG디펜스앤에어로스페이스,조선/방산/중공업,https://stock.naver.com/domestic/stock/079550/price
298380,에이비엘바이오,바이오/헬스케어,https://stock.naver.com/domestic/stock/298380/price
251270,넷마블,IT/소프트웨어/AI,https://stock.naver.com/domestic/stock/251270/price
010140,삼성중공업,조선/방산/중공업,https://stock.naver.com/domestic/stock/010140/price
178320,서진시스템,전력/에너지/원자력,https://stock.naver.com/domestic/stock/178320/price
139130,iM금융지주,금융/지주,https://stock.naver.com/domestic/stock/139130/price
226950,올릭스,바이오/헬스케어,https://stock.naver.com/domestic/stock/226950/price
028050,삼성E&A,건설/인프라,https://stock.naver.com/domestic/stock/028050/price
267260,HD현대일렉트릭,전력/에너지/원자력,https://stock.naver.com/domestic/stock/267260/price
000720,현대건설,전력/에너지/원자력,https://stock.naver.com/domestic/stock/000720/price
095340,ISC,반도체/소부장,https://stock.naver.com/domestic/stock/095340/price
278470,에이피알,엔터/미디어/소비재,https://stock.naver.com/domestic/stock/278470/price
352820,하이브,IT/소프트웨어/AI,https://stock.naver.com/domestic/stock/352820/price
029780,삼성카드,금융/지주,https://stock.naver.com/domestic/stock/029780/price
064400,LG씨엔에스,IT/소프트웨어/AI,https://stock.naver.com/domestic/stock/064400/price
052690,한전기술,전력/에너지/원자력,https://stock.naver.com/domestic/stock/052690/price
086280,현대글로비스,자동차/모빌리티,https://stock.naver.com/domestic/stock/086280/price
010060,OCI홀딩스,전력/에너지/원자력,https://stock.naver.com/domestic/stock/010060/price
161890,한국콜마,엔터/미디어/소비재,https://stock.naver.com/domestic/stock/161890/price
000100,유한양행,바이오/헬스케어,https://stock.naver.com/domestic/stock/000100/price
141080,리가켐바이오,바이오/헬스케어,https://stock.naver.com/domestic/stock/141080/price
035250,강원랜드,엔터/미디어/소비재,https://stock.naver.com/domestic/stock/035250/price
263750,펄어비스,IT/소프트웨어/AI,https://stock.naver.com/domestic/stock/263750/price
010950,S-Oil,전력/에너지/원자력,https://stock.naver.com/domestic/stock/010950/price
009540,HD한국조선해양,조선/방산/중공업,https://stock.naver.com/domestic/stock/009540/price
064350,현대로템,조선/방산/중공업,https://stock.naver.com/domestic/stock/064350/price
103140,풍산,조선/방산/중공업,https://stock.naver.com/domestic/stock/103140/price
138040,메리츠금융지주,금융/지주,https://stock.naver.com/domestic/stock/138040/price
189300,인텔리안테크,조선/방산/중공업,https://stock.naver.com/domestic/stock/189300/price
420770,기가비스,반도체/소부장,https://stock.naver.com/domestic/stock/420770/price
204320,HL만도,자동차/모빌리티,https://stock.naver.com/domestic/stock/204320/price
003690,코리안리,금융/지주,https://stock.naver.com/domestic/stock/003690/price
214450,파마리서치,바이오/헬스케어,https://stock.naver.com/domestic/stock/214450/price
000150,두산,전력/에너지/원자력,https://stock.naver.com/domestic/stock/000150/price
090430,아모레퍼시픽,엔터/미디어/소비재,https://stock.naver.com/domestic/stock/090430/price
336260,두산퓨얼셀,전력/에너지/원자력,https://stock.naver.com/domestic/stock/336260/price
000880,한화,전력/에너지/원자력,https://stock.naver.com/domestic/stock/000880/price
181710,NHN,IT/소프트웨어/AI,https://stock.naver.com/domestic/stock/181710/price
001440,대한전선,IT/소프트웨어/AI,https://stock.naver.com/domestic/stock/001440/price
003550,LG,IT/소프트웨어/AI,https://stock.naver.com/domestic/stock/003550/price
443060,HD현대마린솔루션,조선/방산/중공업,https://stock.naver.com/domestic/stock/443060/price
082740,한화엔진,조선/방산/중공업,https://stock.naver.com/domestic/stock/082740/price
039490,키움증권,금융/지주,https://stock.naver.com/domestic/stock/039490/price
047040,대우건설,전력/에너지/원자력,https://stock.naver.com/domestic/stock/047040/price
012750,에스원,일반 주도주,https://stock.naver.com/domestic/stock/012750/price
017800,현대엘리베이터,일반 주도주,https://stock.naver.com/domestic/stock/017800/price
192820,코스맥스,엔터/미디어/소비재,https://stock.naver.com/domestic/stock/192820/price
456160,지투지바이오,바이오/헬스케어,https://stock.naver.com/domestic/stock/456160/price
011200,HMM,조선/방산/중공업,https://stock.naver.com/domestic/stock/011200/price
277810,레인보우로보틱스,IT/소프트웨어/AI,https://stock.naver.com/domestic/stock/277810/price
058610,에스피지,IT/소프트웨어/AI,https://stock.naver.com/domestic/stock/058610/price
078600,대주전자재료,2차전지/배터리,https://stock.naver.com/domestic/stock/078600/price
009420,한올바이오파마,바이오/헬스케어,https://stock.naver.com/domestic/stock/009420/price
326030,SK바이오팜,바이오/헬스케어,https://stock.naver.com/domestic/stock/326030/price
051900,LG생활건강,엔터/미디어/소비재,https://stock.naver.com/domestic/stock/051900/price
028670,팬오션,조선/방산/중공업,https://stock.naver.com/domestic/stock/028670/price
089970,브이엠,반도체/소부장,https://stock.naver.com/domestic/stock/089970/price
071970,HD현대마린엔진,조선/방산/중공업,https://stock.naver.com/domestic/stock/071970/price
439260,대한조선,조선/방산/중공업,https://stock.naver.com/domestic/stock/439260/price
017960,한국카본,조선/방산/중공업,https://stock.naver.com/domestic/stock/017960/price
454910,두산로보틱스,IT/소프트웨어/AI,https://stock.naver.com/domestic/stock/454910/price
218410,RFHIC,조선/방산/중공업,https://stock.naver.com/domestic/stock/218410/price
015760,한국전력,전력/에너지/원자력,https://stock.naver.com/domestic/stock/015760/price
006800,미래에셋증권,금융/지주,https://stock.naver.com/domestic/stock/006800/price
131290,티에스이,반도체/소부장,https://stock.naver.com/domestic/stock/131290/price
014680,한솔케미칼,반도체/소부장,https://stock.naver.com/domestic/stock/014680/price
112610,씨에스윈드,전력/에너지/원자력,https://stock.naver.com/domestic/stock/112610/price
126340,비나텍,전력/에너지/원자력,https://stock.naver.com/domestic/stock/126340/price
237690,에스티팜,바이오/헬스케어,https://stock.naver.com/domestic/stock/237690/price
000250,삼천당제약,바이오/헬스케어,https://stock.naver.com/domestic/stock/000250/price
022100,포스코DX,IT/소프트웨어/AI,https://stock.naver.com/domestic/stock/022100/price
041510,에스엠,엔터/미디어/소비재,https://stock.naver.com/domestic/stock/041510/price
003230,삼양식품,전력/에너지/원자력,https://stock.naver.com/domestic/stock/003230/price
192080,더블유게임즈,IT/소프트웨어/AI,https://stock.naver.com/domestic/stock/192080/price
462870,시프트업,IT/소프트웨어/AI,https://stock.naver.com/domestic/stock/462870/price
078340,컴투스,IT/소프트웨어/AI,https://stock.naver.com/domestic/stock/078340/price
021240,코웨이,일반 주도주,https://stock.naver.com/domestic/stock/021240/price
103590,일진전기,전력/에너지/원자력,https://stock.naver.com/domestic/stock/103590/price
000500,가온전선,전력/에너지/원자력,https://stock.naver.com/domestic/stock/000500/price
067310,하나마이크론,반도체/소부장,https://stock.naver.com/domestic/stock/067310/price
080220,제주반도체,IT/소프트웨어/AI,https://stock.naver.com/domestic/stock/080220/price
484870,엠앤씨솔루션,조선/방산/중공업,https://stock.naver.com/domestic/stock/484870/price
375500,DL이앤씨,전력/에너지/원자력,https://stock.naver.com/domestic/stock/375500/price
083650,비에이치아이,전력/에너지/원자력,https://stock.naver.com/domestic/stock/083650/price
051600,한전KPS,전력/에너지/원자력,https://stock.naver.com/domestic/stock/051600/price
267250,HD현대,전력/에너지/원자력,https://stock.naver.com/domestic/stock/267250/price
020150,롯데에너지머티리얼즈,2차전지/배터리,https://stock.naver.com/domestic/stock/020150/price
356860,티엘비,반도체/소부장,https://stock.naver.com/domestic/stock/356860/price
099320,쎄트렉아이,조선/방산/중공업,https://stock.naver.com/domestic/stock/099320/price
064290,인텍플러스,반도체/소부장,https://stock.naver.com/domestic/stock/064290/price
084370,유진테크,반도체/소부장,https://stock.naver.com/domestic/stock/084370/price
001120,LX인터내셔널,일반 주도주,https://stock.naver.com/domestic/stock/001120/price
476830,알지노믹스,바이오/헬스케어,https://stock.naver.com/domestic/stock/476830/price
047050,포스코인터내셔널,반도체/소부장,https://stock.naver.com/domestic/stock/047050/price
0126Z0,삼성에피스홀딩스,바이오/헬스케어,https://stock.naver.com/domestic/stock/0126Z0/price
257720,실리콘투,엔터/미디어/소비재,https://stock.naver.com/domestic/stock/257720/price
483650,달바글로벌,엔터/미디어/소비재,https://stock.naver.com/domestic/stock/483650/price
468530,프로티나,바이오/헬스케어,https://stock.naver.com/domestic/stock/468530/price
081660,미스토홀딩스,일반 주도주,https://stock.naver.com/domestic/stock/081660/price
457190,이수스페셜티케미컬,2차전지/배터리,https://stock.naver.com/domestic/stock/457190/price
035900,JYP Ent.,엔터/미디어/소비재,https://stock.naver.com/domestic/stock/035900/price
035760,CJ ENM,엔터/미디어/소비재,https://stock.naver.com/domestic/stock/035760/price
032640,LG유플러스,IT/소프트웨어/AI,https://stock.naver.com/domestic/stock/032640/price
003490,대한항공,엔터/미디어/소비재,https://stock.naver.com/domestic/stock/003490/price
097950,CJ제일제당,일반 주도주,https://stock.naver.com/domestic/stock/097950/price
005180,빙그레,엔터/미디어/소비재,https://stock.naver.com/domestic/stock/005180/price
053800,안랩,IT/소프트웨어/AI,https://stock.naver.com/domestic/stock/053800/price
458870,씨어스,IT/소프트웨어/AI,https://stock.naver.com/domestic/stock/458870/price
293490,카카오게임즈,IT/소프트웨어/AI,https://stock.naver.com/domestic/stock/293490/price
112040,위메이드,IT/소프트웨어/AI,https://stock.naver.com/domestic/stock/112040/price
225570,넥슨게임즈,IT/소프트웨어/AI,https://stock.naver.com/domestic/stock/225570/price
004170,신세계,엔터/미디어/소비재,https://stock.naver.com/domestic/stock/004170/price
271560,오리온,전력/에너지/원자력,https://stock.naver.com/domestic/stock/271560/price
229640,LS에코에너지,전력/에너지/원자력,https://stock.naver.com/domestic/stock/229640/price
088980,맥쿼리인프라,건설/인프라,https://stock.naver.com/domestic/stock/088980/price
395400,SK리츠,건설/인프라,https://stock.naver.com/domestic/stock/395400/price
330590,롯데리츠,건설/인프라,https://stock.naver.com/domestic/stock/330590/price
451800,한화리츠,건설/인프라,https://stock.naver.com/domestic/stock/451800/price
293940,신한알파리츠,건설/인프라,https://stock.naver.com/domestic/stock/293940/price
014620,성광벤드,조선/방산/중공업,https://stock.naver.com/domestic/stock/014620/price
077970,STX엔진,조선/방산/중공업,https://stock.naver.com/domestic/stock/077970/price
010170,대한광통신,건설/인프라,https://stock.naver.com/domestic/stock/010170/price
119850,지엔씨에너지,전력/에너지/원자력,https://stock.naver.com/domestic/stock/119850/price
001720,신영증권,금융/지주,https://stock.naver.com/domestic/stock/001720/price
004020,현대제철,철강/소재/화학,https://stock.naver.com/domestic/stock/004020/price
005290,동진쎄미켐,철강/소재/화학,https://stock.naver.com/domestic/stock/005290/price
214320,이노션,일반 주도주,https://stock.naver.com/domestic/stock/214320/price
005850,에스엘,IT/소프트웨어/AI,https://stock.naver.com/domestic/stock/005850/price
214430,아이쓰리시스템,조선/방산/중공업,https://stock.naver.com/domestic/stock/214430/price
347700,스피어,조선/방산/중공업,https://stock.naver.com/domestic/stock/347700/price
357780,솔브레인,반도체/소부장,https://stock.naver.com/domestic/stock/357780/price
064760,티씨케이,반도체/소부장,https://stock.naver.com/domestic/stock/064760/price
018880,한온시스템,자동차/모빌리티,https://stock.naver.com/domestic/stock/018880/price
475150,SK이터닉스,전력/에너지/원자력,https://stock.naver.com/domestic/stock/475150/price
347850,디앤디파마텍,바이오/헬스케어,https://stock.naver.com/domestic/stock/347850/price
295310,에이치브이엠,조선/방산/중공업,https://stock.naver.com/domestic/stock/295310/price
180640,한진칼,금융/지주,https://stock.naver.com/domestic/stock/180640/price
328130,루닛,바이오/헬스케어,https://stock.naver.com/domestic/stock/328130/price
310210,보로노이,바이오/헬스케어,https://stock.naver.com/domestic/stock/310210/price
252990,샘씨엔에스,반도체/소부장,https://stock.naver.com/domestic/stock/252990/price
003160,디아이,반도체/소부장,https://stock.naver.com/domestic/stock/003160/price
000240,한국앤컴퍼니,금융/지주,https://stock.naver.com/domestic/stock/000240/price
087010,펩트론,바이오/헬스케어,https://stock.naver.com/domestic/stock/087010/price
093370,후성,반도체/소부장,https://stock.naver.com/domestic/stock/093370/price
122870,와이지엔터테인먼트,엔터/미디어/소비재,https://stock.naver.com/domestic/stock/122870/price
376300,디어유,엔터/미디어/소비재,https://stock.naver.com/domestic/stock/376300/price
473980,노머스,엔터/미디어/소비재,https://stock.naver.com/domestic/stock/473980/price
023590,다우기술,IT/소프트웨어/AI,https://stock.naver.com/domestic/stock/023590/price
018670,SK가스,일반 주도주,https://stock.naver.com/domestic/stock/018670/price
001800,오리온홀딩스,일반 주도주,https://stock.naver.com/domestic/stock/001800/price
001430,세아베스틸지주,철강/소재/화학,https://stock.naver.com/domestic/stock/001430/price
004370,농심,엔터/미디어/소비재,https://stock.naver.com/domestic/stock/004370/price
377300,카카오페이,IT/소프트웨어/AI,https://stock.naver.com/domestic/stock/377300/price
139480,이마트,엔터/미디어/소비재,https://stock.naver.com/domestic/stock/139480/price
131970,두산테스나,IT/소프트웨어/AI,https://stock.naver.com/domestic/stock/131970/price
145020,휴젤,바이오/헬스케어,https://stock.naver.com/domestic/stock/145020/price
111770,영원무역,엔터/미디어/소비재,https://stock.naver.com/domestic/stock/111770/price
100090,SK오션플랜트,전력/에너지/원자력,https://stock.naver.com/domestic/stock/100090/price
007310,오뚜기,일반 주도주,https://stock.naver.com/domestic/stock/007310/price
006040,동원산업,일반 주도주,https://stock.naver.com/domestic/stock/006040/price
006340,대원전선,전력/에너지/원자력,https://stock.naver.com/domestic/stock/006340/price
448730,삼성FN리츠,건설/인프라,https://stock.naver.com/domestic/stock/448730/price
357120,코람코라이프인프라리츠,건설/인프라,https://stock.naver.com/domestic/stock/357120/price
003570,SNT다이내믹스,조선/방산/중공업,https://stock.naver.com/domestic/stock/003570/price
348340,뉴로메카,IT/소프트웨어/AI,https://stock.naver.com/domestic/stock/348340/price
003540,대신증권,금융/지주,https://stock.naver.com/domestic/stock/003540/price
003530,한화투자증권,금융/지주,https://stock.naver.com/domestic/stock/003530/price
003470,유안타증권,금융/지주,https://stock.naver.com/domestic/stock/003470/price
032820,우리기술,전력/에너지/원자력,https://stock.naver.com/domestic/stock/032820/price
011210,현대위아,자동차/모빌리티,https://stock.naver.com/domestic/stock/011210/price
450080,에코프로머티,2차전지/배터리,https://stock.naver.com/domestic/stock/450080/price
002960,한국쉘석유,일반 주도주,https://stock.naver.com/domestic/stock/002960/price
323280,태성,반도체/소부장,https://stock.naver.com/domestic/stock/323280/price
161390,한국타이어앤테크놀로지,자동차/모빌리티,https://stock.naver.com/domestic/stock/161390/price
323410,카카오뱅크,금융/지주,https://stock.naver.com/domestic/stock/323410/price
279570,케이뱅크,금융/지주,https://stock.naver.com/domestic/stock/279570/price
006360,GS건설,건설/인프라,https://stock.naver.com/domestic/stock/006360/price
294870,IPARK현대산업개발,건설/인프라,https://stock.naver.com/domestic/stock/294870/price
241710,코스메카코리아,엔터/미디어/소비재,https://stock.naver.com/domestic/stock/241710/price
251970,펌텍코리아,엔터/미디어/소비재,https://stock.naver.com/domestic/stock/251970/price
096530,씨젠,바이오/헬스케어,https://stock.naver.com/domestic/stock/096530/price
232140,와이씨,IT/소프트웨어/AI,https://stock.naver.com/domestic/stock/232140/price
002380,KCC,건설/인프라,https://stock.naver.com/domestic/stock/002380/price
300720,한일시멘트,건설/인프라,https://stock.naver.com/domestic/stock/300720/price
088350,한화생명,금융/지주,https://stock.naver.com/domestic/stock/088350/price
000370,한화손해보험,금융/지주,https://stock.naver.com/domestic/stock/000370/price
281820,케이씨텍,반도체/소부장,https://stock.naver.com/domestic/stock/281820/price
437730,삼현,일반 주도주,https://stock.naver.com/domestic/stock/437730/price
034220,LG디스플레이,IT/소프트웨어/AI,https://stock.naver.com/domestic/stock/034220/price
253450,스튜디오드래곤,엔터/미디어/소비재,https://stock.naver.com/domestic/stock/253450/price
419530,SAMG엔터,엔터/미디어/소비재,https://stock.naver.com/domestic/stock/419530/price
020560,아시아나항공,일반 주도주,https://stock.naver.com/domestic/stock/020560/price
008770,호텔신라,엔터/미디어/소비재,https://stock.naver.com/domestic/stock/008770/price
001450,현대해상,금융/지주,https://stock.naver.com/domestic/stock/001450/price
031210,서울보증보험,금융/지주,https://stock.naver.com/domestic/stock/031210/price
383220,F&F,일반 주도주,https://stock.naver.com/domestic/stock/383220/price
214150,클래시스,바이오/헬스케어,https://stock.naver.com/domestic/stock/214150/price
036530,SNT홀딩스,일반 주도주,https://stock.naver.com/domestic/stock/036530/price
215200,메가스터디교육,일반 주도주,https://stock.naver.com/domestic/stock/215200/price
069960,현대백화점,엔터/미디어/소비재,https://stock.naver.com/domestic/stock/069960/price
010130,고려아연,철강/소재/화학,https://stock.naver.com/domestic/stock/010130/price
030520,한컴,IT/소프트웨어/AI,https://stock.naver.com/domestic/stock/030520/price
098460,고영,반도체/소부장,https://stock.naver.com/domestic/stock/098460/price
089860,롯데렌탈,일반 주도주,https://stock.naver.com/domestic/stock/089860/price
290650,엘앤씨바이오,바이오/헬스케어,https://stock.naver.com/domestic/stock/290650/price
041830,인바디,IT/소프트웨어/AI,https://stock.naver.com/domestic/stock/041830/price
415640,KB발해인프라,건설/인프라,https://stock.naver.com/domestic/stock/415640/price
365550,ESR켄달스퀘어리츠,건설/인프라,https://stock.naver.com/domestic/stock/365550/price
032500,케이엠더블유,건설/인프라,https://stock.naver.com/domestic/stock/032500/price
319400,현대무벡스,건설/인프라,https://stock.naver.com/domestic/stock/319400/price
267270,HD건설기계,자동차/모빌리티,https://stock.naver.com/domestic/stock/267270/price
075580,세진중공업,조선/방산/중공업,https://stock.naver.com/domestic/stock/075580/price
195870,해성디에스,반도체/소부장,https://stock.naver.com/domestic/stock/195870/price
007340,DN오토모티브,자동차/모빌리티,https://stock.naver.com/domestic/stock/007340/price
322000,HD현대에너지솔루션,전력/에너지/원자력,https://stock.naver.com/domestic/stock/322000/price
368770,파이버프로,조선/방산/중공업,https://stock.naver.com/domestic/stock/368770/price
012630,HDC,건설/인프라,https://stock.naver.com/domestic/stock/012630/price
174900,앱클론,바이오/헬스케어,https://stock.naver.com/domestic/stock/174900/price
445680,큐리옥스바이오시스템즈,바이오/헬스케어,https://stock.naver.com/domestic/stock/445680/price
005690,파미셀,바이오/헬스케어,https://stock.naver.com/domestic/stock/005690/price
440110,파두,반도체/소부장,https://stock.naver.com/domestic/stock/440110/price
489790,한화비전,반도체/소부장,https://stock.naver.com/domestic/stock/489790/price
003380,하림지주,금융/지주,https://stock.naver.com/domestic/stock/003380/price
008930,한미사이언스,바이오/헬스케어,https://stock.naver.com/domestic/stock/008930/price
005070,코스모신소재,2차전지/배터리,https://stock.naver.com/domestic/stock/005070/price
281740,레이크머티리얼즈,2차전지/배터리,https://stock.naver.com/domestic/stock/281740/price
091580,상신이디피,2차전지/배터리,https://stock.naver.com/domestic/stock/091580/price
107640,한중엔시에스,2차전지/배터리,https://stock.naver.com/domestic/stock/107640/price
044490,태웅,전력/에너지/원자력,https://stock.naver.com/domestic/stock/044490/price
009520,포스코엠텍,철강/소재/화학,https://stock.naver.com/domestic/stock/009520/price
089030,테크윙,반도체/소부장,https://stock.naver.com/domestic/stock/089030/price
037270,YG PLUS,엔터/미디어/소비재,https://stock.naver.com/domestic/stock/037270/price
241560,두산밥캣,일반 주도주,https://stock.naver.com/domestic/stock/241560/price
122900,아이마켓코리아,일반 주도주,https://stock.naver.com/domestic/stock/122900/price
123890,한국자산신탁,일반 주도주,https://stock.naver.com/domestic/stock/123890/price
192400,쿠쿠홀딩스,일반 주도주,https://stock.naver.com/domestic/stock/192400/price
069260,TKG휴켐스,일반 주도주,https://stock.naver.com/domestic/stock/069260/price
403850,더핑크퐁컴퍼니,엔터/미디어/소비재,https://stock.naver.com/domestic/stock/403850/price
006730,서부T&D,일반 주도주,https://stock.naver.com/domestic/stock/006730/price
477850,마키나락스,IT/소프트웨어/AI,https://stock.naver.com/domestic/stock/477850/price
417840,저스템,반도체/소부장,https://stock.naver.com/domestic/stock/417840/price
089890,코세스,일반 주도주,https://stock.naver.com/domestic/stock/089890/price
033500,동성화인텍,조선/방산/중공업,https://stock.naver.com/domestic/stock/033500/price
183300,코미코,반도체/소부장,https://stock.naver.com/domestic/stock/183300/price
192650,드림텍,반도체/소부장,https://stock.naver.com/domestic/stock/192650/price
145720,덴티움,반도체/소부장,https://stock.naver.com/domestic/stock/145720/price
336570,원텍,반도체/소부장,https://stock.naver.com/domestic/stock/336570/price
002790,아모레퍼시픽홀딩스,엔터/미디어/소비재,https://stock.naver.com/domestic/stock/002790/price
005880,대한해운,조선/방산/중공업,https://stock.naver.com/domestic/stock/005880/price
004490,세방전지,일반 주도주,https://stock.naver.com/domestic/stock/004490/price
327260,RF머트리얼즈,조선/방산/중공업,https://stock.naver.com/domestic/stock/327260/price
003030,세아제강지주,철강/소재/화학,https://stock.naver.com/domestic/stock/003030/price
064960,SNT모티브,일반 주도주,https://stock.naver.com/domestic/stock/064960/price
078350,한양디지텍,반도체/소부장,https://stock.naver.com/domestic/stock/078350/price
033640,네패스,IT/소프트웨어/AI,https://stock.naver.com/domestic/stock/033640/price
000120,CJ대한통운,일반 주도주,https://stock.naver.com/domestic/stock/000120/price
042000,카페24,IT/소프트웨어/AI,https://stock.naver.com/domestic/stock/042000/price
005387,현대차2우B,자동차/모빌리티,https://stock.naver.com/domestic/stock/005387/price
302440,SK바이오사이언스,바이오/헬스케어,https://stock.naver.com/domestic/stock/302440/price
006280,녹십자,바이오/헬스케어,https://stock.naver.com/domestic/stock/006280/price
023530,롯데쇼핑,엔터/미디어/소비재,https://stock.naver.com/domestic/stock/023530/price
030190,NICE평가정보,IT/소프트웨어/AI,https://stock.naver.com/domestic/stock/030190/price
001680,대상,일반 주도주,https://stock.naver.com/domestic/stock/001680/price
280360,롯데웰푸드,일반 주도주,https://stock.naver.com/domestic/stock/280360/price
001040,CJ,일반 주도주,https://stock.naver.com/domestic/stock/001040/price
069620,대웅제약,바이오/헬스케어,https://stock.naver.com/domestic/stock/069620/price
042520,한스바이오메드,바이오/헬스케어,https://stock.naver.com/domestic/stock/042520/price
005420,코스모화학,2차전지/배터리,https://stock.naver.com/domestic/stock/005420/price
067160,SOOP,IT/소프트웨어/AI,https://stock.naver.com/domestic/stock/067160/price
000080,하이트진로,일반 주도주,https://stock.naver.com/domestic/stock/000080/price
039200,오스코텍,바이오/헬스케어,https://stock.naver.com/domestic/stock/039200/price
136490,선진,일반 주도주,https://stock.naver.com/domestic/stock/136490/price
085660,차바이오텍,바이오/헬스케어,https://stock.naver.com/domestic/stock/085660/price
108860,셀바스AI,IT/소프트웨어/AI,https://stock.naver.com/domestic/stock/108860/price
094800,맵스리얼티,건설/인프라,https://stock.naver.com/domestic/stock/094800/price
,국고02250-2806(25-4),일반 주도주,
,국고02500-3009(25-8),일반 주도주,
,국고02750-2812(25-10),일반 주도주,
033100,제룡전기,IT/소프트웨어/AI,https://stock.naver.com/domestic/stock/033100/price
160190,하이젠알앤엠,일반 주도주,https://stock.naver.com/domestic/stock/160190/price
090360,로보스타,일반 주도주,https://stock.naver.com/domestic/stock/090360/price
001500,현대차증권,금융/지주,https://stock.naver.com/domestic/stock/001500/price
130660,한전산업,전력/에너지/원자력,https://stock.naver.com/domestic/stock/130660/price
100840,SNT에너지,전력/에너지/원자력,https://stock.naver.com/domestic/stock/100840/price
043260,성호전자,일반 주도주,https://stock.naver.com/domestic/stock/043260/price
211270,AP위성,조선/방산/중공업,https://stock.naver.com/domestic/stock/211270/price
361390,제노코,조선/방산/중공업,https://stock.naver.com/domestic/stock/361390/price
007810,코리아써키트,반도체/소부장,https://stock.naver.com/domestic/stock/007810/price
LYG,LLOYDS BANKING GROUP PLC,일반 주도주,https://stock.naver.com/domestic/stock/LYG/price
9434,SOFTBANK CORP,일반 주도주,https://stock.naver.com/domestic/stock/9434/price
8766,TOKIO MARINE HOLDINGS INC,일반 주도주,https://stock.naver.com/domestic/stock/8766/price
9432,NTT INC,일반 주도주,https://stock.naver.com/domestic/stock/9432/price
,SENSETIME GROUP INC-CLASS B,일반 주도주,
073240,금호타이어,자동차/모빌리티,https://stock.naver.com/domestic/stock/073240/price
001820,삼화콘덴서,일반 주도주,https://stock.naver.com/domestic/stock/001820/price
462350,이노스페이스,조선/방산/중공업,https://stock.naver.com/domestic/stock/462350/price
060370,LS마린솔루션,건설/인프라,https://stock.naver.com/domestic/stock/060370/price
001510,SK증권,금융/지주,https://stock.naver.com/domestic/stock/001510/price
NVDA,NVIDIA Corp,일반 주도주,https://stock.naver.com/domestic/stock/NVDA/price
,ALPHABET INC-CL A,일반 주도주,
097230,HJ중공업,조선/방산/중공업,https://stock.naver.com/domestic/stock/097230/price
121600,나노신소재,2차전지/배터리,https://stock.naver.com/domestic/stock/121600/price
222080,SFA넥셀,2차전지/배터리,https://stock.naver.com/domestic/stock/222080/price
000210,DL,건설/인프라,https://stock.naver.com/domestic/stock/000210/price
058430,포스코스틸리온,철강/소재/화학,https://stock.naver.com/domestic/stock/058430/price
388720,유일로보틱스,일반 주도주,https://stock.naver.com/domestic/stock/388720/price
182360,큐브엔터,일반 주도주,https://stock.naver.com/domestic/stock/182360/price
060570,드림어스컴퍼니,일반 주도주,https://stock.naver.com/domestic/stock/060570/price
123330,제닉,엔터/미디어/소비재,https://stock.naver.com/domestic/stock/123330/price
034230,파라다이스,일반 주도주,https://stock.naver.com/domestic/stock/034230/price
032350,롯데관광개발,일반 주도주,https://stock.naver.com/domestic/stock/032350/price
025980,아난티,일반 주도주,https://stock.naver.com/domestic/stock/025980/price
039130,하나투어,일반 주도주,https://stock.naver.com/domestic/stock/039130/price
499790,GS피앤엘,일반 주도주,https://stock.naver.com/domestic/stock/499790/price
290550,디케이티,일반 주도주,https://stock.naver.com/domestic/stock/290550/price
059090,미코,일반 주도주,https://stock.naver.com/domestic/stock/059090/price
033160,엠케이전자,일반 주도주,https://stock.naver.com/domestic/stock/033160/price
085620,미래에셋생명,금융/지주,https://stock.naver.com/domestic/stock/085620/price
211050,인카금융서비스,금융/지주,https://stock.naver.com/domestic/stock/211050/price
023160,태광,조선/방산/중공업,https://stock.naver.com/domestic/stock/023160/price
080580,오킨스전자,반도체/소부장,https://stock.naver.com/domestic/stock/080580/price
016610,DB증권,금융/지주,https://stock.naver.com/domestic/stock/016610/price
001200,유진투자증권,금융/지주,https://stock.naver.com/domestic/stock/001200/price
950260,인제니아테라퓨틱스(Reg.S),바이오/헬스케어,https://stock.naver.com/domestic/stock/950260/price
354320,알멕,조선/방산/중공업,https://stock.naver.com/domestic/stock/354320/price
102710,이엔에프테크놀로지,일반 주도주,https://stock.naver.com/domestic/stock/102710/price
004430,송원산업,일반 주도주,https://stock.naver.com/domestic/stock/004430/price
035890,서희건설,일반 주도주,https://stock.naver.com/domestic/stock/035890/price
009970,영원무역홀딩스,일반 주도주,https://stock.naver.com/domestic/stock/009970/price
044450,KSS해운,일반 주도주,https://stock.naver.com/domestic/stock/044450/price
306200,세아제강,일반 주도주,https://stock.naver.com/domestic/stock/306200/price
034310,NICE,일반 주도주,https://stock.naver.com/domestic/stock/034310/price
334890,이지스밸류플러스리츠,건설/인프라,https://stock.naver.com/domestic/stock/334890/price
050890,쏠리드,일반 주도주,https://stock.naver.com/domestic/stock/050890/price
033790,피노,일반 주도주,https://stock.naver.com/domestic/stock/033790/price
037460,삼지전자,일반 주도주,https://stock.naver.com/domestic/stock/037460/price
253590,네오셈,반도체/소부장,https://stock.naver.com/domestic/stock/253590/price
200470,에이팩트,일반 주도주,https://stock.naver.com/domestic/stock/200470/price
381970,KG모빌리티플랫폼,일반 주도주,https://stock.naver.com/domestic/stock/381970/price
030610,교보증권,금융/지주,https://stock.naver.com/domestic/stock/030610/price
393890,더블유씨피,일반 주도주,https://stock.naver.com/domestic/stock/393890/price
064850,에프앤가이드,일반 주도주,https://stock.naver.com/domestic/stock/064850/price
297090,씨에스베어링,일반 주도주,https://stock.naver.com/domestic/stock/297090/price
416180,신성에스티,전력/에너지/원자력,https://stock.naver.com/domestic/stock/416180/price
093320,케이아이엔엑스,일반 주도주,https://stock.naver.com/domestic/stock/093320/price
009155,삼성전기우,일반 주도주,https://stock.naver.com/domestic/stock/009155/price
066575,LG전자우,일반 주도주,https://stock.naver.com/domestic/stock/066575/price
00680K,미래에셋증권2우B,금융/지주,https://stock.naver.com/domestic/stock/00680K/price
000815,삼성화재우,금융/지주,https://stock.naver.com/domestic/stock/000815/price
051915,LG화학우,철강/소재/화학,https://stock.naver.com/domestic/stock/051915/price
000155,두산우,일반 주도주,https://stock.naver.com/domestic/stock/000155/price
071055,한국금융지주우,금융/지주,https://stock.naver.com/domestic/stock/071055/price
00088K,한화3우B,일반 주도주,https://stock.naver.com/domestic/stock/00088K/price
006110,삼아알미늄,철강/소재/화학,https://stock.naver.com/domestic/stock/006110/price
005810,풍산홀딩스,철강/소재/화학,https://stock.naver.com/domestic/stock/005810/price
016380,KG스틸,철강/소재/화학,https://stock.naver.com/domestic/stock/016380/price
034120,SBS,엔터/미디어/소비재,https://stock.naver.com/domestic/stock/034120/price
092870,엑시콘,반도체/소부장,https://stock.naver.com/domestic/stock/092870/price
490470,세미파이브,IT/소프트웨어/AI,https://stock.naver.com/domestic/stock/490470/price
041190,우리기술투자,IT/소프트웨어/AI,https://stock.naver.com/domestic/stock/041190/price
271940,일진하이솔루스,일반 주도주,https://stock.naver.com/domestic/stock/271940/price
282330,BGF리테일,엔터/미디어/소비재,https://stock.naver.com/domestic/stock/282330/price
466100,클로봇,IT/소프트웨어/AI,https://stock.naver.com/domestic/stock/466100/price
124500,아이티센글로벌,IT/소프트웨어/AI,https://stock.naver.com/domestic/stock/124500/price
MSFT,MICROSOFT CORP,일반 주도주,https://stock.naver.com/domestic/stock/MSFT/price
CSX,CSX CORP,일반 주도주,https://stock.naver.com/domestic/stock/CSX/price
ABT,ABBOTT LABORATORIES,일반 주도주,https://stock.naver.com/domestic/stock/ABT/price
ORCL,ORACLE CORP,일반 주도주,https://stock.naver.com/domestic/stock/ORCL/price
,VISA INC-CLASS A SHARES,일반 주도주,
005440,현대지에프홀딩스,일반 주도주,https://stock.naver.com/domestic/stock/005440/price
082920,비츠로셀,일반 주도주,https://stock.naver.com/domestic/stock/082920/price
007070,GS리테일,일반 주도주,https://stock.naver.com/domestic/stock/007070/price
010820,퍼스텍,반도체/소부장,https://stock.naver.com/domestic/stock/010820/price
484590,삼양컴텍,반도체/소부장,https://stock.naver.com/domestic/stock/484590/price
274090,켄코아에어로스페이스,반도체/소부장,https://stock.naver.com/domestic/stock/274090/price
289930,웨이비스,반도체/소부장,https://stock.naver.com/domestic/stock/289930/price
036540,SFA반도체,IT/소프트웨어/AI,https://stock.naver.com/domestic/stock/036540/price
005300,롯데칠성,일반 주도주,https://stock.naver.com/domestic/stock/005300/price
404990,신한서부티엔디리츠,건설/인프라,https://stock.naver.com/domestic/stock/404990/price
377190,디앤디플랫폼리츠,건설/인프라,https://stock.naver.com/domestic/stock/377190/price
272450,진에어,일반 주도주,https://stock.naver.com/domestic/stock/272450/price
003280,흥아해운,일반 주도주,https://stock.naver.com/domestic/stock/003280/price
344820,KCC글라스,일반 주도주,https://stock.naver.com/domestic/stock/344820/price
086900,메디톡스,반도체/소부장,https://stock.naver.com/domestic/stock/086900/price
060280,큐렉소,반도체/소부장,https://stock.naver.com/domestic/stock/060280/price
365340,성일하이텍,2차전지/배터리,https://stock.naver.com/domestic/stock/365340/price
,NMDC Ltd,일반 주도주,
,Ashok Leyland Ltd,일반 주도주,
,Vishal Mega Mart Ltd,일반 주도주,
,Federal Bank Ltd,일반 주도주,
,Bank Of Maharashtra,일반 주도주,
046970,우리로,일반 주도주,https://stock.naver.com/domestic/stock/046970/price
138080,오이솔루션,일반 주도주,https://stock.naver.com/domestic/stock/138080/price
314130,지놈앤컴퍼니,바이오/헬스케어,https://stock.naver.com/domestic/stock/314130/price
308430,셀비온,바이오/헬스케어,https://stock.naver.com/domestic/stock/308430/price
026960,동서,일반 주도주,https://stock.naver.com/domestic/stock/026960/price
036460,한국가스공사,일반 주도주,https://stock.naver.com/domestic/stock/036460/price
048550,SM C&C,엔터/미디어/소비재,https://stock.naver.com/domestic/stock/048550/price
000670,영풍,철강/소재/화학,https://stock.naver.com/domestic/stock/000670/price
002030,아세아,철강/소재/화학,https://stock.naver.com/domestic/stock/002030/price
008730,율촌화학,철강/소재/화학,https://stock.naver.com/domestic/stock/008730/price
014820,동원시스템즈,철강/소재/화학,https://stock.naver.com/domestic/stock/014820/price
056190,SFA,일반 주도주,https://stock.naver.com/domestic/stock/056190/price
069080,웹젠,일반 주도주,https://stock.naver.com/domestic/stock/069080/price
013030,하이록코리아,일반 주도주,https://stock.naver.com/domestic/stock/013030/price
020120,키다리스튜디오,일반 주도주,https://stock.naver.com/domestic/stock/020120/price
310200,애니플러스,일반 주도주,https://stock.naver.com/domestic/stock/310200/price
389140,포바이포,일반 주도주,https://stock.naver.com/domestic/stock/389140/price
006120,SK디스커버리,일반 주도주,https://stock.naver.com/domestic/stock/006120/price
285130,SK케미칼,철강/소재/화학,https://stock.naver.com/domestic/stock/285130/price
000640,동아쏘시오홀딩스,일반 주도주,https://stock.naver.com/domestic/stock/000640/price
071320,지역난방공사,일반 주도주,https://stock.naver.com/domestic/stock/071320/price
170920,엘티씨,일반 주도주,https://stock.naver.com/domestic/stock/170920/price
002310,아세아제지,일반 주도주,https://stock.naver.com/domestic/stock/002310/price
014830,유니드,일반 주도주,https://stock.naver.com/domestic/stock/014830/price
009290,광동제약,바이오/헬스케어,https://stock.naver.com/domestic/stock/009290/price
491000,리브스메드,바이오/헬스케어,https://stock.naver.com/domestic/stock/491000/price
475960,토모큐브,바이오/헬스케어,https://stock.naver.com/domestic/stock/475960/price
035810,이지홀딩스,일반 주도주,https://stock.naver.com/domestic/stock/035810/price
004000,롯데정밀화학,일반 주도주,https://stock.naver.com/domestic/stock/004000/price
236200,슈프리마,일반 주도주,https://stock.naver.com/domestic/stock/236200/price
004800,효성,일반 주도주,https://stock.naver.com/domestic/stock/004800/price
0120G0,삼양바이오팜,바이오/헬스케어,https://stock.naver.com/domestic/stock/0120G0/price
011780,금호석유화학,철강/소재/화학,https://stock.naver.com/domestic/stock/011780/price
120110,코오롱인더,일반 주도주,https://stock.naver.com/domestic/stock/120110/price
321550,티움바이오,바이오/헬스케어,https://stock.naver.com/domestic/stock/321550/price
358570,지아이이노베이션,바이오/헬스케어,https://stock.naver.com/domestic/stock/358570/price
185750,종근당,일반 주도주,https://stock.naver.com/domestic/stock/185750/price
453340,현대그린푸드,일반 주도주,https://stock.naver.com/domestic/stock/453340/price
052400,코나아이,IT/소프트웨어/AI,https://stock.naver.com/domestic/stock/052400/price
486990,노타,IT/소프트웨어/AI,https://stock.naver.com/domestic/stock/486990/price
0011A0,액스비스,일반 주도주,https://stock.naver.com/domestic/stock/0011A0/price
0017J0,세미티에스,일반 주도주,https://stock.naver.com/domestic/stock/0017J0/price
394420,리센스메디컬,일반 주도주,https://stock.naver.com/domestic/stock/394420/price
0082N0,카나프테라퓨틱스,일반 주도주,https://stock.naver.com/domestic/stock/0082N0/price
0088M0,메쥬,일반 주도주,https://stock.naver.com/domestic/stock/0088M0/price
388210,씨엠티엑스,일반 주도주,https://stock.naver.com/domestic/stock/388210/price
493280,아이엠바이오로직스,바이오/헬스케어,https://stock.naver.com/domestic/stock/493280/price
