종목코드,종목명,카테고리코드,카테고리명,상세페이지
069500,KODEX 200,1,국내 시장지수,https://stock.naver.com/domestic/stock/069500/price
396500,TIGER 반도체TOP10,2,국내 업종/테마,https://stock.naver.com/domestic/stock/396500/price
102110,TIGER 200,1,국내 시장지수,https://stock.naver.com/domestic/stock/102110/price
278530,KODEX 200TR,1,국내 시장지수,https://stock.naver.com/domestic/stock/278530/price
091160,KODEX 반도체,2,국내 업종/테마,https://stock.naver.com/domestic/stock/091160/price
498400,KODEX 200타겟위클리커버드콜,2,국내 업종/테마,https://stock.naver.com/domestic/stock/498400/price
0167A0,SOL AI반도체TOP2플러스,2,국내 업종/테마,https://stock.naver.com/domestic/stock/0167A0/price
229200,KODEX 코스닥150,1,국내 시장지수,https://stock.naver.com/domestic/stock/229200/price
310970,TIGER MSCI Korea TR,1,국내 시장지수,https://stock.naver.com/domestic/stock/310970/price
148020,RISE 200,1,국내 시장지수,https://stock.naver.com/domestic/stock/148020/price
395160,KODEX AI반도체TOP2플러스,2,국내 업종/테마,https://stock.naver.com/domestic/stock/395160/price
395270,HANARO Fn K-반도체,2,국내 업종/테마,https://stock.naver.com/domestic/stock/395270/price
102780,KODEX 삼성그룹,2,국내 업종/테마,https://stock.naver.com/domestic/stock/102780/price
487240,KODEX AI전력핵심설비,2,국내 업종/테마,https://stock.naver.com/domestic/stock/487240/price
472150,TIGER 배당커버드콜액티브,2,국내 업종/테마,https://stock.naver.com/domestic/stock/472150/price
139260,TIGER 200 IT,2,국내 업종/테마,https://stock.naver.com/domestic/stock/139260/price
278540,KODEX MSCI Korea TR,1,국내 시장지수,https://stock.naver.com/domestic/stock/278540/price
161510,PLUS 고배당주,2,국내 업종/테마,https://stock.naver.com/domestic/stock/161510/price
0193T0,KODEX SK하이닉스단일종목레버리지,2,국내 업종/테마,https://stock.naver.com/domestic/stock/0193T0/price
305720,KODEX 2차전지산업,2,국내 업종/테마,https://stock.naver.com/domestic/stock/305720/price
292150,TIGER 코리아TOP10,2,국내 업종/테마,https://stock.naver.com/domestic/stock/292150/price
294400,KIWOOM 200TR,1,국내 시장지수,https://stock.naver.com/domestic/stock/294400/price
105190,ACE 200,1,국내 시장지수,https://stock.naver.com/domestic/stock/105190/price
329200,TIGER 리츠부동산인프라,2,국내 업종/테마,https://stock.naver.com/domestic/stock/329200/price
0193W0,KODEX 삼성전자단일종목레버리지,2,국내 업종/테마,https://stock.naver.com/domestic/stock/0193W0/price
091230,TIGER 반도체,2,국내 업종/테마,https://stock.naver.com/domestic/stock/091230/price
0195S0,TIGER SK하이닉스단일종목레버리지,2,국내 업종/테마,https://stock.naver.com/domestic/stock/0195S0/price
152100,PLUS 200,1,국내 시장지수,https://stock.naver.com/domestic/stock/152100/price
232080,TIGER 코스닥150,1,국내 시장지수,https://stock.naver.com/domestic/stock/232080/price
226490,KODEX 코스피,1,국내 시장지수,https://stock.naver.com/domestic/stock/226490/price
466920,SOL 조선TOP3플러스,2,국내 업종/테마,https://stock.naver.com/domestic/stock/466920/price
469150,ACE AI반도체TOP3+,2,국내 업종/테마,https://stock.naver.com/domestic/stock/469150/price
494310,KODEX 반도체레버리지,2,국내 업종/테마,https://stock.naver.com/domestic/stock/494310/price
448330,KODEX 삼성전자채권혼합,1,국내 시장지수,https://stock.naver.com/domestic/stock/448330/price
455850,SOL AI반도체소부장,2,국내 업종/테마,https://stock.naver.com/domestic/stock/455850/price
445290,KODEX 로봇액티브,2,국내 업종/테마,https://stock.naver.com/domestic/stock/445290/price
494890,KODEX 200액티브,1,국내 시장지수,https://stock.naver.com/domestic/stock/494890/price
295040,SOL 200TR,1,국내 시장지수,https://stock.naver.com/domestic/stock/295040/price
0117V0,TIGER 코리아AI전력기기TOP3플러스,2,국내 업종/테마,https://stock.naver.com/domestic/stock/0117V0/price
449450,PLUS K방산,2,국내 업종/테마,https://stock.naver.com/domestic/stock/449450/price
0219E0,KODEX 200커버드콜액티브,2,국내 업종/테마,https://stock.naver.com/domestic/stock/0219E0/price
495050,RISE 코리아밸류업,1,국내 시장지수,https://stock.naver.com/domestic/stock/495050/price
315930,KODEX Top5PlusTR,2,국내 업종/테마,https://stock.naver.com/domestic/stock/315930/price
237350,KODEX 코스피100,1,국내 시장지수,https://stock.naver.com/domestic/stock/237350/price
305540,TIGER 2차전지테마,2,국내 업종/테마,https://stock.naver.com/domestic/stock/305540/price
0195R0,TIGER 삼성전자단일종목레버리지,2,국내 업종/테마,https://stock.naver.com/domestic/stock/0195R0/price
0177R0,TIGER 반도체TOP10커버드콜액티브,2,국내 업종/테마,https://stock.naver.com/domestic/stock/0177R0/price
069660,KIWOOM 200,1,국내 시장지수,https://stock.naver.com/domestic/stock/069660/price
498410,KODEX 금융고배당TOP10타겟위클리커버드콜,2,국내 업종/테마,https://stock.naver.com/domestic/stock/498410/price
462330,KODEX 2차전지산업레버리지,2,국내 업종/테마,https://stock.naver.com/domestic/stock/462330/price
466940,TIGER 은행고배당플러스TOP10,2,국내 업종/테마,https://stock.naver.com/domestic/stock/466940/price
495850,KODEX 코리아밸류업,1,국내 시장지수,https://stock.naver.com/domestic/stock/495850/price
441800,TIME Korea플러스배당액티브,1,국내 시장지수,https://stock.naver.com/domestic/stock/441800/price
367760,RISE 네트워크인프라,2,국내 업종/테마,https://stock.naver.com/domestic/stock/367760/price
364980,TIGER 2차전지TOP10,2,국내 업종/테마,https://stock.naver.com/domestic/stock/364980/price
0101N0,RISE AI전력인프라,2,국내 업종/테마,https://stock.naver.com/domestic/stock/0101N0/price
290130,RISE ESG사회책임투자,2,국내 업종/테마,https://stock.naver.com/domestic/stock/290130/price
0167B0,SOL 200타겟위클리커버드콜,2,국내 업종/테마,https://stock.naver.com/domestic/stock/0167B0/price
0148J0,TIGER 코리아휴머노이드로봇산업,2,국내 업종/테마,https://stock.naver.com/domestic/stock/0148J0/price
434730,HANARO 원자력iSelect,2,국내 업종/테마,https://stock.naver.com/domestic/stock/434730/price
102970,KODEX 증권,2,국내 업종/테마,https://stock.naver.com/domestic/stock/102970/price
471990,KODEX AI반도체핵심장비,2,국내 업종/테마,https://stock.naver.com/domestic/stock/471990/price
0091P0,TIGER 코리아원자력,2,국내 업종/테마,https://stock.naver.com/domestic/stock/0091P0/price
138540,TIGER 현대차그룹플러스,2,국내 업종/테마,https://stock.naver.com/domestic/stock/138540/price
277630,TIGER 코스피,1,국내 시장지수,https://stock.naver.com/domestic/stock/277630/price
462010,TIGER 2차전지소재Fn,2,국내 업종/테마,https://stock.naver.com/domestic/stock/462010/price
0163Y0,KoAct 코스닥액티브,1,국내 시장지수,https://stock.naver.com/domestic/stock/0163Y0/price
494670,TIGER 조선TOP10,2,국내 업종/테마,https://stock.naver.com/domestic/stock/494670/price
0105E0,SOL 코리아고배당,2,국내 업종/테마,https://stock.naver.com/domestic/stock/0105E0/price
315960,RISE 대형고배당10TR,2,국내 업종/테마,https://stock.naver.com/domestic/stock/315960/price
361580,RISE 200TR,1,국내 시장지수,https://stock.naver.com/domestic/stock/361580/price
463250,TIGER K방산&우주,2,국내 업종/테마,https://stock.naver.com/domestic/stock/463250/price
444200,SOL 코리아메가테크액티브,2,국내 업종/테마,https://stock.naver.com/domestic/stock/444200/price
496080,TIGER 코리아밸류업,1,국내 시장지수,https://stock.naver.com/domestic/stock/496080/price
243880,TIGER 200IT레버리지,2,국내 업종/테마,https://stock.naver.com/domestic/stock/243880/price
0190C0,RISE 현대차고정피지컬AI,2,국내 업종/테마,https://stock.naver.com/domestic/stock/0190C0/price
451060,1Q 200액티브,1,국내 시장지수,https://stock.naver.com/domestic/stock/451060/price
293180,HANARO 200,1,국내 시장지수,https://stock.naver.com/domestic/stock/293180/price
0210A0,ACE K반도체TOP2+,2,국내 업종/테마,https://stock.naver.com/domestic/stock/0210A0/price
302450,RISE 코스피,1,국내 시장지수,https://stock.naver.com/domestic/stock/302450/price
385720,TIME 코스피액티브,1,국내 시장지수,https://stock.naver.com/domestic/stock/385720/price
474590,WON 반도체밸류체인액티브,2,국내 업종/테마,https://stock.naver.com/domestic/stock/474590/price
0060H0,TIGER 토탈월드스탁액티브,1,국내 시장지수,https://stock.naver.com/domestic/stock/0060H0/price
469070,RISE AI&로봇,2,국내 업종/테마,https://stock.naver.com/domestic/stock/469070/price
0080G0,KODEX 방산TOP10,2,국내 업종/테마,https://stock.naver.com/domestic/stock/0080G0/price
0094M0,RISE 코리아밸류업위클리고정커버드콜,2,국내 업종/테마,https://stock.naver.com/domestic/stock/0094M0/price
310960,TIGER 200TR,1,국내 시장지수,https://stock.naver.com/domestic/stock/310960/price
475300,SOL 반도체전공정,2,국내 업종/테마,https://stock.naver.com/domestic/stock/475300/price
091180,KODEX 자동차,2,국내 업종/테마,https://stock.naver.com/domestic/stock/091180/price
385510,KODEX 신재생에너지액티브,2,국내 업종/테마,https://stock.naver.com/domestic/stock/385510/price
0182R0,1Q K반도체TOP2+,2,국내 업종/테마,https://stock.naver.com/domestic/stock/0182R0/price
270810,RISE 코스닥150,1,국내 시장지수,https://stock.naver.com/domestic/stock/270810/price
484880,SOL 금융지주플러스고배당,2,국내 업종/테마,https://stock.naver.com/domestic/stock/484880/price
279530,KODEX 고배당주,2,국내 업종/테마,https://stock.naver.com/domestic/stock/279530/price
462900,KoAct 바이오헬스케어액티브,2,국내 업종/테마,https://stock.naver.com/domestic/stock/462900/price
0052D0,TIGER 코리아배당다우존스,2,국내 업종/테마,https://stock.naver.com/domestic/stock/0052D0/price
471780,TIGER 코리아테크액티브,2,국내 업종/테마,https://stock.naver.com/domestic/stock/471780/price
489030,PLUS 고배당주위클리커버드콜,2,국내 업종/테마,https://stock.naver.com/domestic/stock/489030/price
421320,PLUS 우주항공,2,국내 업종/테마,https://stock.naver.com/domestic/stock/421320/price
0162Y0,TIME 코스닥액티브,1,국내 시장지수,https://stock.naver.com/domestic/stock/0162Y0/price
0098F0,KODEX 원자력SMR,2,국내 업종/테마,https://stock.naver.com/domestic/stock/0098F0/price
091170,KODEX 은행,2,국내 업종/테마,https://stock.naver.com/domestic/stock/091170/price
0228G0,ACE 반도체Plus전략산업,2,국내 업종/테마,https://stock.naver.com/domestic/stock/0228G0/price
388420,RISE 비메모리반도체액티브,2,국내 업종/테마,https://stock.naver.com/domestic/stock/388420/price
213610,KODEX 삼성그룹밸류,2,국내 업종/테마,https://stock.naver.com/domestic/stock/213610/price
307520,TIGER 지주회사,2,국내 업종/테마,https://stock.naver.com/domestic/stock/307520/price
364970,TIGER 바이오TOP10,2,국내 업종/테마,https://stock.naver.com/domestic/stock/364970/price
495230,KoAct 코리아밸류업액티브,1,국내 시장지수,https://stock.naver.com/domestic/stock/495230/price
117700,KODEX 건설,2,국내 업종/테마,https://stock.naver.com/domestic/stock/117700/price
363580,KODEX 200IT TR,2,국내 업종/테마,https://stock.naver.com/domestic/stock/363580/price
139230,TIGER 200 중공업,2,국내 업종/테마,https://stock.naver.com/domestic/stock/139230/price
422420,RISE 2차전지액티브,2,국내 업종/테마,https://stock.naver.com/domestic/stock/422420/price
228790,TIGER 화장품,2,국내 업종/테마,https://stock.naver.com/domestic/stock/228790/price
0089D0,KODEX 금융고배당TOP10,2,국내 업종/테마,https://stock.naver.com/domestic/stock/0089D0/price
0104N0,TIGER 200타겟위클리커버드콜,2,국내 업종/테마,https://stock.naver.com/domestic/stock/0104N0/price
433500,ACE 원자력TOP10,2,국내 업종/테마,https://stock.naver.com/domestic/stock/433500/price
244580,KODEX 바이오,2,국내 업종/테마,https://stock.naver.com/domestic/stock/244580/price
266160,RISE 고배당,2,국내 업종/테마,https://stock.naver.com/domestic/stock/266160/price
332930,HANARO 200TR,1,국내 시장지수,https://stock.naver.com/domestic/stock/332930/price
157500,TIGER 증권,2,국내 업종/테마,https://stock.naver.com/domestic/stock/157500/price
0093A0,RISE AI반도체TOP10,2,국내 업종/테마,https://stock.naver.com/domestic/stock/0093A0/price
463050,TIME K바이오액티브,2,국내 업종/테마,https://stock.naver.com/domestic/stock/463050/price
0153K0,KODEX 주주환원고배당주,2,국내 업종/테마,https://stock.naver.com/domestic/stock/0153K0/price
0005G0,IBK K-AI반도체코어테크,2,국내 업종/테마,https://stock.naver.com/domestic/stock/0005G0/price
0190G0,KODEX 반도체타겟위클리커버드콜,2,국내 업종/테마,https://stock.naver.com/domestic/stock/0190G0/price
495060,TIME 코리아밸류업액티브,1,국내 시장지수,https://stock.naver.com/domestic/stock/495060/price
0204D0,KODEX 현대차로보틱스밸류체인TOP3플러스,2,국내 업종/테마,https://stock.naver.com/domestic/stock/0204D0/price
494220,UNICORN SK하이닉스밸류체인액티브,2,국내 업종/테마,https://stock.naver.com/domestic/stock/494220/price
495550,SOL 코리아밸류업TR,1,국내 시장지수,https://stock.naver.com/domestic/stock/495550/price
494330,ACE 라이프자산주주가치액티브,2,국내 업종/테마,https://stock.naver.com/domestic/stock/494330/price
0115D0,KODEX 조선TOP10,2,국내 업종/테마,https://stock.naver.com/domestic/stock/0115D0/price
466930,SOL 자동차TOP3플러스,2,국내 업종/테마,https://stock.naver.com/domestic/stock/466930/price
412570,TIGER 2차전지TOP10레버리지,2,국내 업종/테마,https://stock.naver.com/domestic/stock/412570/price
332500,ACE 200TR,1,국내 시장지수,https://stock.naver.com/domestic/stock/332500/price
122090,PLUS 코스피50,1,국내 시장지수,https://stock.naver.com/domestic/stock/122090/price
461950,KODEX 2차전지핵심소재10,2,국내 업종/테마,https://stock.naver.com/domestic/stock/461950/price
403790,MIDAS 코스피액티브,1,국내 시장지수,https://stock.naver.com/domestic/stock/403790/price
0005D0,SOL 전고체배터리&실리콘음극재,2,국내 업종/테마,https://stock.naver.com/domestic/stock/0005D0/price
337160,KODEX 200ESG,2,국내 업종/테마,https://stock.naver.com/domestic/stock/337160/price
354500,ACE 코스닥150,1,국내 시장지수,https://stock.naver.com/domestic/stock/354500/price
491820,HANARO 전력설비투자,2,국내 업종/테마,https://stock.naver.com/domestic/stock/491820/price
0193G0,KoAct 코스피액티브,1,국내 시장지수,https://stock.naver.com/domestic/stock/0193G0/price
152870,파워 200,1,국내 시장지수,https://stock.naver.com/domestic/stock/152870/price
471760,TIGER AI반도체핵심공정,2,국내 업종/테마,https://stock.naver.com/domestic/stock/471760/price
457990,PLUS 태양광&ESS,2,국내 업종/테마,https://stock.naver.com/domestic/stock/457990/price
0151P0,RISE 코리아전략산업액티브,2,국내 업종/테마,https://stock.naver.com/domestic/stock/0151P0/price
138520,TIGER 삼성그룹,2,국내 업종/테마,https://stock.naver.com/domestic/stock/138520/price
0199C0,ACE 고배당주Plus커버드콜액티브,2,국내 업종/테마,https://stock.naver.com/domestic/stock/0199C0/price
143860,TIGER 헬스케어,2,국내 업종/테마,https://stock.naver.com/domestic/stock/143860/price
495330,1Q 코리아밸류업,1,국내 시장지수,https://stock.naver.com/domestic/stock/495330/price
0209D0,KODEX 전고체배터리ESS TOP2플러스,2,국내 업종/테마,https://stock.naver.com/domestic/stock/0209D0/price
0074K0,KoAct K수출핵심기업TOP30액티브,2,국내 업종/테마,https://stock.naver.com/domestic/stock/0074K0/price
325010,KODEX 성장주,2,국내 업종/테마,https://stock.naver.com/domestic/stock/325010/price
139220,TIGER 200 건설,2,국내 업종/테마,https://stock.naver.com/domestic/stock/139220/price
0092B0,SOL 한국원자력SMR,2,국내 업종/테마,https://stock.naver.com/domestic/stock/0092B0/price
448100,WON 200,1,국내 시장지수,https://stock.naver.com/domestic/stock/448100/price
377990,TIGER Fn신재생에너지,2,국내 업종/테마,https://stock.naver.com/domestic/stock/377990/price
328370,PLUS 코스피TR,1,국내 시장지수,https://stock.naver.com/domestic/stock/328370/price
469170,ACE 포스코그룹포커스,2,국내 업종/테마,https://stock.naver.com/domestic/stock/469170/price
332940,HANARO MSCI Korea TR,1,국내 시장지수,https://stock.naver.com/domestic/stock/332940/price
0168K0,TIGER 기술이전바이오액티브,2,국내 업종/테마,https://stock.naver.com/domestic/stock/0168K0/price
326240,RISE IT플러스,2,국내 업종/테마,https://stock.naver.com/domestic/stock/326240/price
0000J0,PLUS 한화그룹주,2,국내 업종/테마,https://stock.naver.com/domestic/stock/0000J0/price
266370,KODEX IT,2,국내 업종/테마,https://stock.naver.com/domestic/stock/266370/price
475310,SOL 반도체후공정,2,국내 업종/테마,https://stock.naver.com/domestic/stock/475310/price
367770,RISE 수소경제테마,2,국내 업종/테마,https://stock.naver.com/domestic/stock/367770/price
455860,SOL 2차전지소부장Fn,2,국내 업종/테마,https://stock.naver.com/domestic/stock/455860/price
476850,KoAct 배당성장액티브,1,국내 시장지수,https://stock.naver.com/domestic/stock/476850/price
496090,KIWOOM 코리아밸류업,1,국내 시장지수,https://stock.naver.com/domestic/stock/496090/price
0177X0,ACE K휴머노이드로봇산업TOP2+,2,국내 업종/테마,https://stock.naver.com/domestic/stock/0177X0/price
0080Y0,SOL 조선TOP3플러스레버리지,2,국내 업종/테마,https://stock.naver.com/domestic/stock/0080Y0/price
475050,ACE KPOP포커스,2,국내 업종/테마,https://stock.naver.com/domestic/stock/475050/price
486240,DAISHIN AI반도체&인프라액티브,2,국내 업종/테마,https://stock.naver.com/domestic/stock/486240/price
0198A0,KIWOOM 코스닥150커버드콜액티브,2,국내 업종/테마,https://stock.naver.com/domestic/stock/0198A0/price
0008T0,SOL 화장품TOP3플러스,2,국내 업종/테마,https://stock.naver.com/domestic/stock/0008T0/price
0197X0,SOL SK하이닉스선물단일종목인버스2X,2,국내 업종/테마,https://stock.naver.com/domestic/stock/0197X0/price
0007N0,아이엠에셋 200,1,국내 시장지수,https://stock.naver.com/domestic/stock/0007N0/price
325020,KODEX 배당가치,2,국내 업종/테마,https://stock.naver.com/domestic/stock/325020/price
454320,HANARO CAPEX설비투자iSelect,2,국내 업종/테마,https://stock.naver.com/domestic/stock/454320/price
495040,PLUS 코리아밸류업,1,국내 시장지수,https://stock.naver.com/domestic/stock/495040/price
211900,KODEX 코리아배당성장,2,국내 업종/테마,https://stock.naver.com/domestic/stock/211900/price
359210,KODEX 코스피TR,1,국내 시장지수,https://stock.naver.com/domestic/stock/359210/price
337140,KODEX 코스피대형주,2,국내 업종/테마,https://stock.naver.com/domestic/stock/337140/price
108450,ACE 삼성그룹섹터가중,2,국내 업종/테마,https://stock.naver.com/domestic/stock/108450/price
495750,HANARO 코리아밸류업,1,국내 시장지수,https://stock.naver.com/domestic/stock/495750/price
0018C0,PLUS 고배당주위클리고정커버드콜,2,국내 업종/테마,https://stock.naver.com/domestic/stock/0018C0/price
490480,SOL K방산,2,국내 업종/테마,https://stock.naver.com/domestic/stock/490480/price
365040,TIGER AI코리아그로스액티브,1,국내 시장지수,https://stock.naver.com/domestic/stock/365040/price
138530,TIGER LG그룹플러스,2,국내 업종/테마,https://stock.naver.com/domestic/stock/138530/price
0098N0,PLUS 자사주매입고배당주,2,국내 업종/테마,https://stock.naver.com/domestic/stock/0098N0/price
210780,TIGER 코스피고배당,2,국내 업종/테마,https://stock.naver.com/domestic/stock/210780/price
364960,TIGER BBIG,2,국내 업종/테마,https://stock.naver.com/domestic/stock/364960/price
0240J0,RISE 삼성SK그룹,2,국내 업종/테마,https://stock.naver.com/domestic/stock/0240J0/price
0210E0,PLUS 200커버드콜액티브,2,국내 업종/테마,https://stock.naver.com/domestic/stock/0210E0/price
292190,KODEX KRX300,1,국내 시장지수,https://stock.naver.com/domestic/stock/292190/price
228810,TIGER 미디어컨텐츠,2,국내 업종/테마,https://stock.naver.com/domestic/stock/228810/price
157490,TIGER 소프트웨어,2,국내 업종/테마,https://stock.naver.com/domestic/stock/157490/price
0098Z0,FOCUS 200,1,국내 시장지수,https://stock.naver.com/domestic/stock/0098Z0/price
441540,HANARO Fn조선해운,2,국내 업종/테마,https://stock.naver.com/domestic/stock/441540/price
266420,KODEX 헬스케어,2,국내 업종/테마,https://stock.naver.com/domestic/stock/266420/price
211560,TIGER 배당성장,2,국내 업종/테마,https://stock.naver.com/domestic/stock/211560/price
465330,RISE 2차전지TOP10,2,국내 업종/테마,https://stock.naver.com/domestic/stock/465330/price
491700,HK 200,1,국내 시장지수,https://stock.naver.com/domestic/stock/491700/price
228800,TIGER 여행레저,2,국내 업종/테마,https://stock.naver.com/domestic/stock/228800/price
0222D0,KoAct 고배당액티브,2,국내 업종/테마,https://stock.naver.com/domestic/stock/0222D0/price
277640,TIGER 코스피대형주,2,국내 업종/테마,https://stock.naver.com/domestic/stock/277640/price
0123S0,HANARO 26-12 은행채(AA+이상)액티브,2,국내 업종/테마,https://stock.naver.com/domestic/stock/0123S0/price
0115E0,KODEX 코리아소버린AI,2,국내 업종/테마,https://stock.naver.com/domestic/stock/0115E0/price
0220B0,DS 코스닥액티브,1,국내 시장지수,https://stock.naver.com/domestic/stock/0220B0/price
491220,PLUS 200TR,1,국내 시장지수,https://stock.naver.com/domestic/stock/491220/price
140700,KODEX 보험,2,국내 업종/테마,https://stock.naver.com/domestic/stock/140700/price
434960,DAISHIN K200,1,국내 시장지수,https://stock.naver.com/domestic/stock/434960/price
385590,ACE ESG액티브,2,국내 업종/테마,https://stock.naver.com/domestic/stock/385590/price
0141S0,SOL 조선기자재,2,국내 업종/테마,https://stock.naver.com/domestic/stock/0141S0/price
261070,TIGER 코스닥150바이오테크,2,국내 업종/테마,https://stock.naver.com/domestic/stock/261070/price
476260,HANARO 반도체핵심공정주도주,2,국내 업종/테마,https://stock.naver.com/domestic/stock/476260/price
401470,KODEX 메타버스액티브,2,국내 업종/테마,https://stock.naver.com/domestic/stock/401470/price
0166S0,PLUS K제조업핵심기업액티브,2,국내 업종/테마,https://stock.naver.com/domestic/stock/0166S0/price
0194T0,ACE SK하이닉스단일종목레버리지,2,국내 업종/테마,https://stock.naver.com/domestic/stock/0194T0/price
150460,TIGER 중국소비테마,2,국내 업종/테마,https://stock.naver.com/domestic/stock/150460/price
0111J0,HANARO 증권고배당TOP3플러스,2,국내 업종/테마,https://stock.naver.com/domestic/stock/0111J0/price
275300,KODEX 우량주,2,국내 업종/테마,https://stock.naver.com/domestic/stock/275300/price
445150,KODEX 친환경조선해운액티브,2,국내 업종/테마,https://stock.naver.com/domestic/stock/445150/price
0139P0,ACE 고배당주,2,국내 업종/테마,https://stock.naver.com/domestic/stock/0139P0/price
0000Z0,RISE 바이오TOP10액티브,2,국내 업종/테마,https://stock.naver.com/domestic/stock/0000Z0/price
316670,KIWOOM 코스닥150,1,국내 시장지수,https://stock.naver.com/domestic/stock/316670/price
140950,파워 코스피100,1,국내 시장지수,https://stock.naver.com/domestic/stock/140950/price
442260,마이티 다이나믹퀀트액티브,1,국내 시장지수,https://stock.naver.com/domestic/stock/442260/price
0207G0,SOL 우주항공밸류체인,2,국내 업종/테마,https://stock.naver.com/domestic/stock/0207G0/price
442090,에셋플러스 코리아대장장이액티브,2,국내 업종/테마,https://stock.naver.com/domestic/stock/442090/price
305050,ACE 코스피,1,국내 시장지수,https://stock.naver.com/domestic/stock/305050/price
447430,ACE 주주환원가치주액티브,2,국내 업종/테마,https://stock.naver.com/domestic/stock/447430/price
360140,KODEX 200롱코스닥150숏선물,2,국내 업종/테마,https://stock.naver.com/domestic/stock/360140/price
0086B0,TIGER 리츠부동산인프라TOP10액티브,2,국내 업종/테마,https://stock.naver.com/domestic/stock/0086B0/price
487130,KoAct AI인프라액티브,2,국내 업종/테마,https://stock.naver.com/domestic/stock/487130/price
375770,KODEX 탄소효율그린뉴딜,2,국내 업종/테마,https://stock.naver.com/domestic/stock/375770/price
0194M0,ACE 삼성전자단일종목레버리지,2,국내 업종/테마,https://stock.naver.com/domestic/stock/0194M0/price
0197W0,SOL SK하이닉스단일종목레버리지,2,국내 업종/테마,https://stock.naver.com/domestic/stock/0197W0/price
0112X0,마이티 200TR,1,국내 시장지수,https://stock.naver.com/domestic/stock/0112X0/price
100910,KIWOOM KRX100,1,국내 시장지수,https://stock.naver.com/domestic/stock/100910/price
472840,IBK 200,1,국내 시장지수,https://stock.naver.com/domestic/stock/472840/price
401170,RISE 메타버스,2,국내 업종/테마,https://stock.naver.com/domestic/stock/401170/price
448570,FOCUS AI코리아액티브,1,국내 시장지수,https://stock.naver.com/domestic/stock/448570/price
275280,KODEX 모멘텀주,2,국내 업종/테마,https://stock.naver.com/domestic/stock/275280/price
450910,SOL 코스닥150,1,국내 시장지수,https://stock.naver.com/domestic/stock/450910/price
322410,HANARO K고배당,2,국내 업종/테마,https://stock.naver.com/domestic/stock/322410/price
139280,TIGER 경기방어,2,국내 업종/테마,https://stock.naver.com/domestic/stock/139280/price
0100K0,KODEX 방산TOP10레버리지,2,국내 업종/테마,https://stock.naver.com/domestic/stock/0100K0/price
0192L0,RISE SK하이닉스단일종목레버리지,2,국내 업종/테마,https://stock.naver.com/domestic/stock/0192L0/price
0234N0,KIWOOM 삼성SK그룹TOP4+,2,국내 업종/테마,https://stock.naver.com/domestic/stock/0234N0/price
365000,TIGER 인터넷TOP10,2,국내 업종/테마,https://stock.naver.com/domestic/stock/365000/price
147970,TIGER 모멘텀,2,국내 업종/테마,https://stock.naver.com/domestic/stock/147970/price
0204S0,TIGER 코스닥액티브,1,국내 시장지수,https://stock.naver.com/domestic/stock/0204S0/price
400970,TIGER Fn메타버스,2,국내 업종/테마,https://stock.naver.com/domestic/stock/400970/price
385520,KODEX 자율주행액티브,2,국내 업종/테마,https://stock.naver.com/domestic/stock/385520/price
104530,KIWOOM 코리아고배당,2,국내 업종/테마,https://stock.naver.com/domestic/stock/104530/price
117460,KODEX 에너지화학,2,국내 업종/테마,https://stock.naver.com/domestic/stock/117460/price
380340,ACE 코리아AI테크핵심산업,2,국내 업종/테마,https://stock.naver.com/domestic/stock/380340/price
266360,KODEX K콘텐츠,2,국내 업종/테마,https://stock.naver.com/domestic/stock/266360/price
105780,RISE 5대그룹주,2,국내 업종/테마,https://stock.naver.com/domestic/stock/105780/price
0154F0,WON 초대형IB&금융지주,2,국내 업종/테마,https://stock.naver.com/domestic/stock/0154F0/price
498860,RISE 코리아금융고배당,2,국내 업종/테마,https://stock.naver.com/domestic/stock/498860/price
0166N0,PLUS 코스닥150액티브,1,국내 시장지수,https://stock.naver.com/domestic/stock/0166N0/price
261060,TIGER 코스닥150IT,2,국내 업종/테마,https://stock.naver.com/domestic/stock/261060/price
0192T0,SOL 코스닥TOP10,2,국내 업종/테마,https://stock.naver.com/domestic/stock/0192T0/price
156080,KODEX MSCI Korea,1,국내 시장지수,https://stock.naver.com/domestic/stock/156080/price
0150K0,KoAct 수소전력ESS인프라액티브,2,국내 업종/테마,https://stock.naver.com/domestic/stock/0150K0/price
275290,KODEX 가치주,2,국내 업종/테마,https://stock.naver.com/domestic/stock/275290/price
469790,KIWOOM 코리아테크TOP10,2,국내 업종/테마,https://stock.naver.com/domestic/stock/469790/price
322400,HANARO e커머스,2,국내 업종/테마,https://stock.naver.com/domestic/stock/322400/price
395170,KODEX Top10동일가중,2,국내 업종/테마,https://stock.naver.com/domestic/stock/395170/price
261140,TIGER 우선주,2,국내 업종/테마,https://stock.naver.com/domestic/stock/261140/price
153270,KIWOOM 코스피100,1,국내 시장지수,https://stock.naver.com/domestic/stock/153270/price
0192M0,RISE 삼성전자단일종목레버리지,2,국내 업종/테마,https://stock.naver.com/domestic/stock/0192M0/price
227540,TIGER 200 헬스케어,2,국내 업종/테마,https://stock.naver.com/domestic/stock/227540/price
0155N0,HANARO K휴머노이드테마TOP10,2,국내 업종/테마,https://stock.naver.com/domestic/stock/0155N0/price
139270,TIGER 200 금융,2,국내 업종/테마,https://stock.naver.com/domestic/stock/139270/price
117680,KODEX 철강,2,국내 업종/테마,https://stock.naver.com/domestic/stock/117680/price
395290,HANARO Fn K-POP&미디어,2,국내 업종/테마,https://stock.naver.com/domestic/stock/395290/price
145850,TREX 펀더멘탈 200,2,국내 업종/테마,https://stock.naver.com/domestic/stock/145850/price
192720,파워 고배당저변동성,2,국내 업종/테마,https://stock.naver.com/domestic/stock/192720/price
223190,KODEX 200가치저변동,2,국내 업종/테마,https://stock.naver.com/domestic/stock/223190/price
0239Z0,PLUS AI반도체소부장액티브,2,국내 업종/테마,https://stock.naver.com/domestic/stock/0239Z0/price
139250,TIGER 200 에너지화학,2,국내 업종/테마,https://stock.naver.com/domestic/stock/139250/price
0152E0,SOL 배당성향탑픽액티브,2,국내 업종/테마,https://stock.naver.com/domestic/stock/0152E0/price
496120,ACE 코리아밸류업,1,국내 시장지수,https://stock.naver.com/domestic/stock/496120/price
292500,SOL KRX300,1,국내 시장지수,https://stock.naver.com/domestic/stock/292500/price
367740,HANARO Fn5G산업,2,국내 업종/테마,https://stock.naver.com/domestic/stock/367740/price
292160,TIGER KRX300,1,국내 시장지수,https://stock.naver.com/domestic/stock/292160/price
159800,마이티 코스피100,1,국내 시장지수,https://stock.naver.com/domestic/stock/159800/price
0209Z0,ACE 코리아AI전력TOP10,2,국내 업종/테마,https://stock.naver.com/domestic/stock/0209Z0/price
368190,HANARO Fn K-뉴딜디지털플러스,2,국내 업종/테마,https://stock.naver.com/domestic/stock/368190/price
0198D0,1Q SK하이닉스선물단일종목레버리지,2,국내 업종/테마,https://stock.naver.com/domestic/stock/0198D0/price
364690,KODEX 혁신기술테마액티브,1,국내 시장지수,https://stock.naver.com/domestic/stock/364690/price
0103T0,1Q K소버린AI,2,국내 업종/테마,https://stock.naver.com/domestic/stock/0103T0/price
0177A0,WON 두산그룹포커스,2,국내 업종/테마,https://stock.naver.com/domestic/stock/0177A0/price
479850,HANARO K-뷰티,2,국내 업종/테마,https://stock.naver.com/domestic/stock/479850/price
300950,KODEX 게임산업,2,국내 업종/테마,https://stock.naver.com/domestic/stock/300950/price
375760,HANARO 탄소효율그린뉴딜,2,국내 업종/테마,https://stock.naver.com/domestic/stock/375760/price
376410,TIGER 탄소효율그린뉴딜,2,국내 업종/테마,https://stock.naver.com/domestic/stock/376410/price
0223A0,RISE 코스닥커버드콜액티브,2,국내 업종/테마,https://stock.naver.com/domestic/stock/0223A0/price
108590,TREX 200,1,국내 시장지수,https://stock.naver.com/domestic/stock/108590/price
388280,RISE K엔터&여행레저,2,국내 업종/테마,https://stock.naver.com/domestic/stock/388280/price
0239Y0,PLUS 코리아HBM반도체,2,국내 업종/테마,https://stock.naver.com/domestic/stock/0239Y0/price
464600,SOL 자동차소부장Fn,2,국내 업종/테마,https://stock.naver.com/domestic/stock/464600/price
411540,SOL 200 Top10,1,국내 시장지수,https://stock.naver.com/domestic/stock/411540/price
304770,HANARO 코스닥150,1,국내 시장지수,https://stock.naver.com/domestic/stock/304770/price
461450,KODEX 코스닥글로벌,1,국내 시장지수,https://stock.naver.com/domestic/stock/461450/price
337120,KODEX 멀티팩터,2,국내 업종/테마,https://stock.naver.com/domestic/stock/337120/price
300640,RISE 게임테마,2,국내 업종/테마,https://stock.naver.com/domestic/stock/300640/price
364990,TIGER 게임TOP10,2,국내 업종/테마,https://stock.naver.com/domestic/stock/364990/price
0193L0,PLUS 삼성전자선물단일종목인버스2X,2,국내 업종/테마,https://stock.naver.com/domestic/stock/0193L0/price
289040,KODEX MSCI KOREA ESG유니버설,2,국내 업종/테마,https://stock.naver.com/domestic/stock/289040/price
226980,KODEX 200 중소형,1,국내 시장지수,https://stock.naver.com/domestic/stock/226980/price
404120,TIME K신재생에너지액티브,2,국내 업종/테마,https://stock.naver.com/domestic/stock/404120/price
289250,TIGER MSCI KOREA ESG유니버설,2,국내 업종/테마,https://stock.naver.com/domestic/stock/289250/price
417630,TIGER KEDI혁신기업ESG30,2,국내 업종/테마,https://stock.naver.com/domestic/stock/417630/price
304760,HANARO KRX300,1,국내 시장지수,https://stock.naver.com/domestic/stock/304760/price
404260,KODEX 기후변화솔루션,2,국내 업종/테마,https://stock.naver.com/domestic/stock/404260/price
091220,TIGER 은행,2,국내 업종/테마,https://stock.naver.com/domestic/stock/091220/price
228820,TIGER KTOP30,1,국내 시장지수,https://stock.naver.com/domestic/stock/228820/price
229720,KODEX KTOP30,1,국내 시장지수,https://stock.naver.com/domestic/stock/229720/price
284980,RISE 200금융,2,국내 업종/테마,https://stock.naver.com/domestic/stock/284980/price
381560,HANARO Fn전기&수소차,2,국내 업종/테마,https://stock.naver.com/domestic/stock/381560/price
445690,BNK 주주가치액티브,2,국내 업종/테마,https://stock.naver.com/domestic/stock/445690/price
445910,TIGER MKF배당귀족,2,국내 업종/테마,https://stock.naver.com/domestic/stock/445910/price
0104P0,TIGER 코리아배당다우존스위클리커버드콜,2,국내 업종/테마,https://stock.naver.com/domestic/stock/0104P0/price
407310,HANARO 200 TOP10,1,국내 시장지수,https://stock.naver.com/domestic/stock/407310/price
227830,PLUS 코스피,1,국내 시장지수,https://stock.naver.com/domestic/stock/227830/price
0198B0,1Q 삼성전자선물단일종목레버리지,2,국내 업종/테마,https://stock.naver.com/domestic/stock/0198B0/price
385600,ACE 2차전지&친환경차액티브,2,국내 업종/테마,https://stock.naver.com/domestic/stock/385600/price
292050,RISE KRX300,1,국내 시장지수,https://stock.naver.com/domestic/stock/292050/price
391670,HK 베스트일레븐액티브,1,국내 시장지수,https://stock.naver.com/domestic/stock/391670/price
289260,TIGER MSCI KOREA ESG리더스,2,국내 업종/테마,https://stock.naver.com/domestic/stock/289260/price
0105D0,SOL 한국AI소프트웨어,2,국내 업종/테마,https://stock.naver.com/domestic/stock/0105D0/price
494420,PLUS 미국배당증가성장주데일리커버드콜,2,국내 업종/테마,https://stock.naver.com/domestic/stock/494420/price
131890,ACE 삼성그룹동일가중,2,국내 업종/테마,https://stock.naver.com/domestic/stock/131890/price
0193K0,PLUS 삼성전자단일종목레버리지,2,국내 업종/테마,https://stock.naver.com/domestic/stock/0193K0/price
413930,WON AI ESG액티브,2,국내 업종/테마,https://stock.naver.com/domestic/stock/413930/price
244620,KODEX 모멘텀Plus,2,국내 업종/테마,https://stock.naver.com/domestic/stock/244620/price
387280,TIGER 퓨처모빌리티액티브,2,국내 업종/테마,https://stock.naver.com/domestic/stock/387280/price
0222F0,마이티 AI데이터센터밸류체인,2,국내 업종/테마,https://stock.naver.com/domestic/stock/0222F0/price
491510,파워 K-주주가치액티브,2,국내 업종/테마,https://stock.naver.com/domestic/stock/491510/price
337150,KODEX 200exTOP,2,국내 업종/테마,https://stock.naver.com/domestic/stock/337150/price
0090B0,PLUS K방산소부장,2,국내 업종/테마,https://stock.naver.com/domestic/stock/0090B0/price
404650,SOL KRX기후변화솔루션,2,국내 업종/테마,https://stock.naver.com/domestic/stock/404650/price
487750,BNK 온디바이스AI,2,국내 업종/테마,https://stock.naver.com/domestic/stock/487750/price
104520,KIWOOM 블루칩,2,국내 업종/테마,https://stock.naver.com/domestic/stock/104520/price
0088N0,WON K-글로벌수급상위,2,국내 업종/테마,https://stock.naver.com/domestic/stock/0088N0/price
234310,RISE V&S셀렉트밸류,2,국내 업종/테마,https://stock.naver.com/domestic/stock/234310/price
373490,KODEX 코리아혁신성장액티브,2,국내 업종/테마,https://stock.naver.com/domestic/stock/373490/price
438900,HANARO Fn K-푸드,2,국내 업종/테마,https://stock.naver.com/domestic/stock/438900/price
0242S0,파워 SK그룹,2,국내 업종/테마,https://stock.naver.com/domestic/stock/0242S0/price
496130,TRUSTON 코리아밸류업액티브,1,국내 시장지수,https://stock.naver.com/domestic/stock/496130/price
0153P0,ACE 리츠부동산인프라액티브,2,국내 업종/테마,https://stock.naver.com/domestic/stock/0153P0/price
360150,KODEX 코스닥150롱코스피200숏선물,2,국내 업종/테마,https://stock.naver.com/domestic/stock/360150/price
102960,KODEX 기계장비,2,국내 업종/테마,https://stock.naver.com/domestic/stock/102960/price
0104G0,PLUS K방산레버리지,2,국내 업종/테마,https://stock.naver.com/domestic/stock/0104G0/price
472720,TRUSTON 주주가치액티브,1,국내 시장지수,https://stock.naver.com/domestic/stock/472720/price
279540,KODEX 최소변동성,2,국내 업종/테마,https://stock.naver.com/domestic/stock/279540/price
0194R0,KIWOOM SK하이닉스선물단일종목레버리지,2,국내 업종/테마,https://stock.naver.com/domestic/stock/0194R0/price
0208N0,IBK 코스피액티브,1,국내 시장지수,https://stock.naver.com/domestic/stock/0208N0/price
300610,TIGER K게임,2,국내 업종/테마,https://stock.naver.com/domestic/stock/300610/price
280920,PLUS 주도업종,2,국내 업종/테마,https://stock.naver.com/domestic/stock/280920/price
140710,KODEX 운송,2,국내 업종/테마,https://stock.naver.com/domestic/stock/140710/price
410870,TIME K컬처액티브,2,국내 업종/테마,https://stock.naver.com/domestic/stock/410870/price
404540,TIGER KRX기후변화솔루션,2,국내 업종/테마,https://stock.naver.com/domestic/stock/404540/price
395760,PLUS ESG성장주액티브,2,국내 업종/테마,https://stock.naver.com/domestic/stock/395760/price
251590,PLUS 고배당저변동50,2,국내 업종/테마,https://stock.naver.com/domestic/stock/251590/price
140580,RISE 우량업종대표주,2,국내 업종/테마,https://stock.naver.com/domestic/stock/140580/price
0216Z0,ACE K방산TOP5+,2,국내 업종/테마,https://stock.naver.com/domestic/stock/0216Z0/price
0191S0,IBK 코스닥150,1,국내 시장지수,https://stock.naver.com/domestic/stock/0191S0/price
266410,KODEX 필수소비재,2,국내 업종/테마,https://stock.naver.com/domestic/stock/266410/price
252650,KODEX 200동일가중,1,국내 시장지수,https://stock.naver.com/domestic/stock/252650/price
464610,SOL 의료기기소부장Fn,2,국내 업종/테마,https://stock.naver.com/domestic/stock/464610/price
446700,RISE 배터리 리사이클링,2,국내 업종/테마,https://stock.naver.com/domestic/stock/446700/price
407820,에셋플러스 코리아플랫폼액티브,2,국내 업종/테마,https://stock.naver.com/domestic/stock/407820/price
0000H0,KODEX 인도Nifty미드캡100,2,국내 업종/테마,https://stock.naver.com/domestic/stock/0000H0/price
252000,TIGER 200동일가중,1,국내 시장지수,https://stock.naver.com/domestic/stock/252000/price
482030,KoAct 반도체&2차전지핵심소재액티브,2,국내 업종/테마,https://stock.naver.com/domestic/stock/482030/price
0219B0,KoAct 광통신&위성네트워크액티브,2,국내 업종/테마,https://stock.naver.com/domestic/stock/0219B0/price
385710,TIME K이노베이션액티브,2,국내 업종/테마,https://stock.naver.com/domestic/stock/385710/price
438740,MIDAS 중소형액티브,2,국내 업종/테마,https://stock.naver.com/domestic/stock/438740/price
140570,RISE 수출주,2,국내 업종/테마,https://stock.naver.com/domestic/stock/140570/price
0189Z0,DAISHIN 금융&지주고배당,2,국내 업종/테마,https://stock.naver.com/domestic/stock/0189Z0/price
0001P0,마이티 바이오시밀러&CDMO액티브,2,국내 업종/테마,https://stock.naver.com/domestic/stock/0001P0/price
461580,TIGER 코스닥글로벌,1,국내 시장지수,https://stock.naver.com/domestic/stock/461580/price
301400,PLUS 코스닥150,1,국내 시장지수,https://stock.naver.com/domestic/stock/301400/price
281990,RISE 중소형고배당,2,국내 업종/테마,https://stock.naver.com/domestic/stock/281990/price
0194N0,KIWOOM 삼성전자선물단일종목레버리지,2,국내 업종/테마,https://stock.naver.com/domestic/stock/0194N0/price
0120J0,BNK 카카오그룹포커스,2,국내 업종/테마,https://stock.naver.com/domestic/stock/0120J0/price
139240,TIGER 200 철강소재,2,국내 업종/테마,https://stock.naver.com/domestic/stock/139240/price
498050,HANARO 바이오코리아액티브,2,국내 업종/테마,https://stock.naver.com/domestic/stock/498050/price
466810,BNK 2차전지양극재,2,국내 업종/테마,https://stock.naver.com/domestic/stock/466810/price
0221Z0,ACE K바이오코스닥액티브,2,국내 업종/테마,https://stock.naver.com/domestic/stock/0221Z0/price
381570,HANARO Fn친환경에너지,2,국내 업종/테마,https://stock.naver.com/domestic/stock/381570/price
270800,RISE KQ고배당,2,국내 업종/테마,https://stock.naver.com/domestic/stock/270800/price
266390,KODEX 경기소비재,2,국내 업종/테마,https://stock.naver.com/domestic/stock/266390/price
395150,KODEX 웹툰&드라마,2,국내 업종/테마,https://stock.naver.com/domestic/stock/395150/price
215620,HK S&P코리아로우볼,2,국내 업종/테마,https://stock.naver.com/domestic/stock/215620/price
174350,TIGER 로우볼,2,국내 업종/테마,https://stock.naver.com/domestic/stock/174350/price
457930,BNK 미래전략기술액티브,2,국내 업종/테마,https://stock.naver.com/domestic/stock/457930/price
395750,PLUS ESG가치주액티브,2,국내 업종/테마,https://stock.naver.com/domestic/stock/395750/price
395280,HANARO Fn K-게임,2,국내 업종/테마,https://stock.naver.com/domestic/stock/395280/price
0214M0,MIDAS 바이오헬스케어액티브,2,국내 업종/테마,https://stock.naver.com/domestic/stock/0214M0/price
0226G0,WON 피지컬AI TOP2플러스액티브,2,국내 업종/테마,https://stock.naver.com/domestic/stock/0226G0/price
0176P0,FOCUS AI반도체위클리고정커버드콜,2,국내 업종/테마,https://stock.naver.com/domestic/stock/0176P0/price
227550,TIGER 200 산업재,2,국내 업종/테마,https://stock.naver.com/domestic/stock/227550/price
0218K0,BNK 스마트카,2,국내 업종/테마,https://stock.naver.com/domestic/stock/0218K0/price
227570,TIGER 우량가치,2,국내 업종/테마,https://stock.naver.com/domestic/stock/227570/price
285690,FOCUS ESG리더스,2,국내 업종/테마,https://stock.naver.com/domestic/stock/285690/price
0138D0,RISE 동학개미,2,국내 업종/테마,https://stock.naver.com/domestic/stock/0138D0/price
253280,RISE 헬스케어,2,국내 업종/테마,https://stock.naver.com/domestic/stock/253280/price
0172Y0,ACE K수출핵심TOP10산업액티브,2,국내 업종/테마,https://stock.naver.com/domestic/stock/0172Y0/price
402460,HANARO Fn K-메타버스MZ,2,국내 업종/테마,https://stock.naver.com/domestic/stock/402460/price
315270,TIGER 200커뮤니케이션서비스,2,국내 업종/테마,https://stock.naver.com/domestic/stock/315270/price
0191B0,MIDAS 코스닥액티브,1,국내 시장지수,https://stock.naver.com/domestic/stock/0191B0/price
244670,KODEX 밸류Plus,2,국내 업종/테마,https://stock.naver.com/domestic/stock/244670/price
326230,RISE 내수주플러스,2,국내 업종/테마,https://stock.naver.com/domestic/stock/326230/price
139290,TIGER 200 경기소비재,2,국내 업종/테마,https://stock.naver.com/domestic/stock/139290/price
307510,TIGER 의료기기,2,국내 업종/테마,https://stock.naver.com/domestic/stock/307510/price
368680,KODEX K-뉴딜디지털플러스,2,국내 업종/테마,https://stock.naver.com/domestic/stock/368680/price
483020,KIWOOM 의료AI,2,국내 업종/테마,https://stock.naver.com/domestic/stock/483020/price
433250,UNICORN R&D 액티브,1,국내 시장지수,https://stock.naver.com/domestic/stock/433250/price
314700,HANARO 농업융복합산업,2,국내 업종/테마,https://stock.naver.com/domestic/stock/314700/price
0053M0,더제이 중소형포커스액티브,2,국내 업종/테마,https://stock.naver.com/domestic/stock/0053M0/price
0229F0,마이티 신약포커스바이오액티브,2,국내 업종/테마,https://stock.naver.com/domestic/stock/0229F0/price
407300,HANARO Fn골프테마,2,국내 업종/테마,https://stock.naver.com/domestic/stock/407300/price
470310,UNICORN 생성형AI강소기업액티브,2,국내 업종/테마,https://stock.naver.com/domestic/stock/470310/price
0184V0,UNICORN K바이오액티브,2,국내 업종/테마,https://stock.naver.com/domestic/stock/0184V0/price
227560,TIGER 200 생활소비재,2,국내 업종/테마,https://stock.naver.com/domestic/stock/227560/price
266550,PLUS 중형주저변동50,2,국내 업종/테마,https://stock.naver.com/domestic/stock/266550/price
277650,TIGER 코스피중형주,2,국내 업종/테마,https://stock.naver.com/domestic/stock/277650/price
226380,ACE Fn성장소비주도주,2,국내 업종/테마,https://stock.naver.com/domestic/stock/226380/price
243890,TIGER 200에너지화학레버리지,2,국내 업종/테마,https://stock.naver.com/domestic/stock/243890/price
244660,KODEX 퀄리티Plus,2,국내 업종/테마,https://stock.naver.com/domestic/stock/244660/price
427120,RISE AI플랫폼,2,국내 업종/테마,https://stock.naver.com/domestic/stock/427120/price
476000,UNICORN 포스트IPO액티브,2,국내 업종/테마,https://stock.naver.com/domestic/stock/476000/price
412560,TIGER BBIG레버리지,2,국내 업종/테마,https://stock.naver.com/domestic/stock/412560/price
