종목코드,종목명,시장,섹터,분류기준,네이버업종,기존섹터
005930,삼성전자,코스피,반도체/소부장,네이버업종,반도체와반도체장비,반도체/소부장
000660,SK하이닉스,코스피,반도체/소부장,네이버업종,반도체와반도체장비,반도체/소부장
009150,삼성전기,코스피,IT하드웨어/전자,네이버업종,전자장비와기기,IT/소프트웨어/AI
402340,SK스퀘어,코스피,반도체/소부장,네이버업종,반도체와반도체장비,반도체/소부장
105560,KB금융,코스피,금융/지주,네이버업종,은행,금융/지주
005380,현대차,코스피,자동차/모빌리티,네이버업종,자동차,자동차/모빌리티
055550,신한지주,코스피,금융/지주,네이버업종,은행,금융/지주
012450,한화에어로스페이스,코스피,조선/방산/기계,네이버업종,우주항공과국방,조선/방산/중공업
034020,두산에너빌리티,코스피,전력/에너지/원자력,수동,기계,전력/에너지/원자력
028260,삼성물산,코스피,금융/지주,네이버업종,복합기업,전력/에너지/원자력
006400,삼성SDI,코스피,2차전지/배터리,네이버업종,전기제품,2차전지/배터리
373220,LG에너지솔루션,코스피,2차전지/배터리,네이버업종,전기제품,2차전지/배터리
086790,하나금융지주,코스피,금융/지주,네이버업종,은행,금융/지주
000270,기아,코스피,자동차/모빌리티,네이버업종,자동차,자동차/모빌리티
207940,삼성바이오로직스,코스피,바이오/헬스케어,네이버업종,제약,바이오/헬스케어
222800,심텍,코스닥,IT하드웨어/전자,네이버업종,전자장비와기기,반도체/소부장
196170,알테오젠,코스닥,바이오/헬스케어,네이버업종,생물공학,바이오/헬스케어
035420,NAVER,코스피,IT/소프트웨어/게임,네이버업종,양방향미디어와서비스,IT/소프트웨어/AI
012330,현대모비스,코스피,자동차/모빌리티,네이버업종,자동차부품,자동차/모빌리티
316140,우리금융지주,코스피,금융/지주,네이버업종,은행,금융/지주
240810,원익IPS,코스닥,반도체/소부장,네이버업종,반도체와반도체장비,반도체/소부장
403870,HPSP,코스닥,반도체/소부장,네이버업종,반도체와반도체장비,반도체/소부장
066570,LG전자,코스피,IT하드웨어/전자,네이버업종,전자제품,IT/소프트웨어/AI
005490,POSCO홀딩스,코스피,2차전지/배터리,ETF 기준,철강,2차전지/배터리
039030,이오테크닉스,코스닥,반도체/소부장,네이버업종,반도체와반도체장비,반도체/소부장
086520,에코프로,코스닥,2차전지/배터리,ETF 기준,화학,2차전지/배터리
010120,LS ELECTRIC,코스피,전력/에너지/원자력,네이버업종,전기장비,전력/에너지/원자력
058470,리노공업,코스닥,반도체/소부장,네이버업종,반도체와반도체장비,반도체/소부장
036930,주성엔지니어링,코스닥,반도체/소부장,네이버업종,반도체와반도체장비,반도체/소부장
247540,에코프로비엠,코스닥,2차전지/배터리,네이버업종,전기제품,2차전지/배터리
068270,셀트리온,코스피,바이오/헬스케어,네이버업종,제약,바이오/헬스케어
042700,한미반도체,코스피,반도체/소부장,네이버업종,반도체와반도체장비,반도체/소부장
032830,삼성생명,코스피,금융/지주,네이버업종,생명보험,금융/지주
175330,JB금융지주,코스피,금융/지주,네이버업종,은행,금융/지주
005830,DB손해보험,코스피,금융/지주,네이버업종,손해보험,금융/지주
030000,제일기획,코스피,엔터/미디어,네이버업종,광고,일반 주도주
003670,포스코퓨처엠,코스피,2차전지/배터리,ETF 기준,화학,2차전지/배터리
011070,LG이노텍,코스피,IT하드웨어/전자,네이버업종,전자장비와기기,IT/소프트웨어/AI
007660,이수페타시스,코스피,반도체/소부장,네이버업종,반도체와반도체장비,반도체/소부장
005935,삼성전자우,코스피,반도체/소부장,네이버업종,반도체와반도체장비,IT/소프트웨어/AI
024110,기업은행,코스피,금융/지주,네이버업종,은행,금융/지주
096770,SK이노베이션,코스피,2차전지/배터리,ETF 기준,석유와가스,2차전지/배터리
035720,카카오,코스피,IT/소프트웨어/게임,네이버업종,양방향미디어와서비스,IT/소프트웨어/AI
259960,크래프톤,코스피,IT/소프트웨어/게임,네이버업종,게임엔터테인먼트,IT/소프트웨어/AI
095610,테스,코스닥,반도체/소부장,네이버업종,반도체와반도체장비,반도체/소부장
028300,HLB,코스닥,바이오/헬스케어,네이버업종,건강관리장비와용품,바이오/헬스케어
000810,삼성화재,코스피,금융/지주,네이버업종,손해보험,금융/지주
051910,LG화학,코스피,2차전지/배터리,ETF 기준,화학,2차전지/배터리
353200,대덕전자,코스피,IT하드웨어/전자,네이버업종,전자장비와기기,반도체/소부장
319660,피에스케이,코스닥,반도체/소부장,네이버업종,반도체와반도체장비,반도체/소부장
329180,HD현대중공업,코스피,조선/방산/기계,네이버업종,조선,조선/방산/중공업
034730,SK,코스피,전력/에너지/원자력,네이버업종,석유와가스,전력/에너지/원자력
031980,피에스케이홀딩스,코스닥,반도체/소부장,네이버업종,반도체와반도체장비,반도체/소부장
000990,DB하이텍,코스피,반도체/소부장,네이버업종,반도체와반도체장비,반도체/소부장
298040,효성중공업,코스피,전력/에너지/원자력,네이버업종,전기장비,전력/에너지/원자력
006260,LS,코스피,전력/에너지/원자력,네이버업종,전기장비,IT/소프트웨어/AI
062040,산일전기,코스피,전력/에너지/원자력,네이버업종,전기장비,전력/에너지/원자력
078930,GS,코스피,전력/에너지/원자력,네이버업종,석유와가스,전력/에너지/원자력
066970,엘앤에프,코스피,2차전지/배터리,네이버업종,전기제품,2차전지/배터리
071050,한국금융지주,코스피,금융/지주,네이버업종,증권,금융/지주
009830,한화솔루션,코스피,전력/에너지/원자력,네이버업종,에너지장비및서비스,전력/에너지/원자력
036570,NC,코스피,IT/소프트웨어/게임,네이버업종,게임엔터테인먼트,IT/소프트웨어/AI
018260,삼성에스디에스,코스피,IT/소프트웨어/게임,네이버업종,IT서비스,IT/소프트웨어/AI
016360,삼성증권,코스피,금융/지주,네이버업종,증권,금융/지주
017670,SK텔레콤,코스피,운송/통신/서비스,네이버업종,무선통신서비스,IT/소프트웨어/AI
005940,NH투자증권,코스피,금융/지주,네이버업종,증권,금융/지주
030200,KT,코스피,운송/통신/서비스,네이버업종,다각화된통신서비스,IT/소프트웨어/AI
011790,SKC,코스피,2차전지/배터리,ETF 기준,화학,2차전지/배터리
047810,한국항공우주,코스피,조선/방산/기계,네이버업종,우주항공과국방,조선/방산/중공업
272210,한화시스템,코스피,조선/방산/기계,네이버업종,우주항공과국방,조선/방산/중공업
138930,BNK금융지주,코스피,금융/지주,네이버업종,은행,금융/지주
033780,KT&G,코스피,소비재/유통,네이버업종,담배,전력/에너지/원자력
128940,한미약품,코스피,바이오/헬스케어,네이버업종,제약,바이오/헬스케어
042660,한화오션,코스피,조선/방산/기계,네이버업종,조선,조선/방산/중공업
108490,로보티즈,코스닥,로봇,수동,기계,IT/소프트웨어/AI
307950,현대오토에버,코스피,IT/소프트웨어/게임,네이버업종,IT서비스,IT/소프트웨어/AI
079550,LIG디펜스앤에어로스페이스,코스피,조선/방산/기계,네이버업종,우주항공과국방,조선/방산/중공업
298380,에이비엘바이오,코스닥,바이오/헬스케어,네이버업종,생물공학,바이오/헬스케어
251270,넷마블,코스피,IT/소프트웨어/게임,네이버업종,게임엔터테인먼트,IT/소프트웨어/AI
010140,삼성중공업,코스피,조선/방산/기계,네이버업종,조선,조선/방산/중공업
178320,서진시스템,코스닥,전력/에너지/원자력,네이버업종,전기장비,전력/에너지/원자력
139130,iM금융지주,코스피,금융/지주,네이버업종,은행,금융/지주
226950,올릭스,코스닥,바이오/헬스케어,네이버업종,생명과학도구및서비스,바이오/헬스케어
028050,삼성E&A,코스피,건설/인프라,네이버업종,건설,건설/인프라
267260,HD현대일렉트릭,코스피,전력/에너지/원자력,네이버업종,전기장비,전력/에너지/원자력
000720,현대건설,코스피,건설/인프라,네이버업종,건설,전력/에너지/원자력
095340,ISC,코스닥,반도체/소부장,네이버업종,반도체와반도체장비,반도체/소부장
278470,에이피알,코스피,소비재/유통,네이버업종,화장품,엔터/미디어/소비재
352820,하이브,코스피,엔터/미디어,네이버업종,방송과엔터테인먼트,IT/소프트웨어/AI
029780,삼성카드,코스피,금융/지주,네이버업종,카드,금융/지주
064400,LG씨엔에스,코스피,IT/소프트웨어/게임,네이버업종,IT서비스,IT/소프트웨어/AI
052690,한전기술,코스피,전력/에너지/원자력,네이버업종,전기유틸리티,전력/에너지/원자력
086280,현대글로비스,코스피,운송/통신/서비스,네이버업종,항공화물운송과물류,자동차/모빌리티
010060,OCI홀딩스,코스피,철강/소재/화학,네이버업종,화학,전력/에너지/원자력
161890,한국콜마,코스피,소비재/유통,네이버업종,화장품,엔터/미디어/소비재
000100,유한양행,코스피,바이오/헬스케어,네이버업종,제약,바이오/헬스케어
141080,리가켐바이오,코스닥,바이오/헬스케어,네이버업종,제약,바이오/헬스케어
035250,강원랜드,코스피,소비재/유통,네이버업종,"호텔,레스토랑,레저",엔터/미디어/소비재
263750,펄어비스,코스닥,IT/소프트웨어/게임,네이버업종,게임엔터테인먼트,IT/소프트웨어/AI
010950,S-Oil,코스피,전력/에너지/원자력,네이버업종,석유와가스,전력/에너지/원자력
009540,HD한국조선해양,코스피,조선/방산/기계,네이버업종,조선,조선/방산/중공업
064350,현대로템,코스피,조선/방산/기계,네이버업종,우주항공과국방,조선/방산/중공업
103140,풍산,코스피,철강/소재/화학,네이버업종,비철금속,조선/방산/중공업
138040,메리츠금융지주,코스피,금융/지주,네이버업종,증권,금융/지주
189300,인텔리안테크,코스닥,IT하드웨어/전자,네이버업종,통신장비,조선/방산/중공업
420770,기가비스,코스닥,반도체/소부장,네이버업종,반도체와반도체장비,반도체/소부장
204320,HL만도,코스피,자동차/모빌리티,네이버업종,자동차부품,자동차/모빌리티
003690,코리안리,코스피,금융/지주,네이버업종,손해보험,금융/지주
214450,파마리서치,코스닥,바이오/헬스케어,네이버업종,건강관리장비와용품,바이오/헬스케어
000150,두산,코스피,금융/지주,네이버업종,복합기업,전력/에너지/원자력
090430,아모레퍼시픽,코스피,소비재/유통,네이버업종,화장품,엔터/미디어/소비재
336260,두산퓨얼셀,코스피,전력/에너지/원자력,네이버업종,에너지장비및서비스,전력/에너지/원자력
000880,한화,코스피,금융/지주,네이버업종,복합기업,전력/에너지/원자력
181710,NHN,코스피,IT/소프트웨어/게임,네이버업종,IT서비스,IT/소프트웨어/AI
001440,대한전선,코스피,전력/에너지/원자력,네이버업종,전기장비,IT/소프트웨어/AI
003550,LG,코스피,금융/지주,네이버업종,복합기업,IT/소프트웨어/AI
443060,HD현대마린솔루션,코스피,조선/방산/기계,네이버업종,조선,조선/방산/중공업
082740,한화엔진,코스피,조선/방산/기계,네이버업종,조선,조선/방산/중공업
039490,키움증권,코스피,금융/지주,네이버업종,증권,금융/지주
047040,대우건설,코스피,건설/인프라,네이버업종,건설,전력/에너지/원자력
012750,에스원,코스피,운송/통신/서비스,네이버업종,상업서비스와공급품,일반 주도주
017800,현대엘리베이터,코스피,조선/방산/기계,네이버업종,기계,일반 주도주
192820,코스맥스,코스피,소비재/유통,네이버업종,화장품,엔터/미디어/소비재
456160,지투지바이오,코스닥,바이오/헬스케어,네이버업종,제약,바이오/헬스케어
011200,HMM,코스피,운송/통신/서비스,네이버업종,해운사,조선/방산/중공업
277810,레인보우로보틱스,코스닥,로봇,수동,기계,IT/소프트웨어/AI
058610,에스피지,코스닥,로봇,수동,전기제품,IT/소프트웨어/AI
078600,대주전자재료,코스닥,2차전지/배터리,ETF 기준,전자장비와기기,2차전지/배터리
009420,한올바이오파마,코스피,바이오/헬스케어,네이버업종,제약,바이오/헬스케어
326030,SK바이오팜,코스피,바이오/헬스케어,네이버업종,제약,바이오/헬스케어
051900,LG생활건강,코스피,소비재/유통,네이버업종,화장품,엔터/미디어/소비재
028670,팬오션,코스피,운송/통신/서비스,네이버업종,해운사,조선/방산/중공업
089970,브이엠,코스닥,반도체/소부장,네이버업종,반도체와반도체장비,반도체/소부장
071970,HD현대마린엔진,코스피,조선/방산/기계,네이버업종,조선,조선/방산/중공업
439260,대한조선,코스피,조선/방산/기계,네이버업종,조선,조선/방산/중공업
017960,한국카본,코스피,조선/방산/기계,네이버업종,조선,조선/방산/중공업
454910,두산로보틱스,코스피,로봇,수동,기계,IT/소프트웨어/AI
218410,RFHIC,코스닥,IT하드웨어/전자,네이버업종,통신장비,조선/방산/중공업
015760,한국전력,코스피,전력/에너지/원자력,네이버업종,전기유틸리티,전력/에너지/원자력
006800,미래에셋증권,코스피,금융/지주,네이버업종,증권,금융/지주
131290,티에스이,코스닥,반도체/소부장,네이버업종,반도체와반도체장비,반도체/소부장
014680,한솔케미칼,코스피,철강/소재/화학,네이버업종,화학,반도체/소부장
112610,씨에스윈드,코스피,전력/에너지/원자력,네이버업종,에너지장비및서비스,전력/에너지/원자력
126340,비나텍,코스닥,전력/에너지/원자력,네이버업종,전기장비,전력/에너지/원자력
237690,에스티팜,코스닥,바이오/헬스케어,네이버업종,제약,바이오/헬스케어
000250,삼천당제약,코스닥,바이오/헬스케어,네이버업종,제약,바이오/헬스케어
022100,포스코DX,코스피,IT/소프트웨어/게임,네이버업종,IT서비스,IT/소프트웨어/AI
041510,에스엠,코스닥,엔터/미디어,네이버업종,방송과엔터테인먼트,엔터/미디어/소비재
003230,삼양식품,코스피,소비재/유통,네이버업종,식품,전력/에너지/원자력
192080,더블유게임즈,코스피,IT/소프트웨어/게임,네이버업종,게임엔터테인먼트,IT/소프트웨어/AI
462870,시프트업,코스피,IT/소프트웨어/게임,네이버업종,게임엔터테인먼트,IT/소프트웨어/AI
078340,컴투스,코스닥,IT/소프트웨어/게임,네이버업종,게임엔터테인먼트,IT/소프트웨어/AI
021240,코웨이,코스피,소비재/유통,네이버업종,가정용기기와용품,일반 주도주
103590,일진전기,코스피,전력/에너지/원자력,네이버업종,전기장비,전력/에너지/원자력
000500,가온전선,코스피,전력/에너지/원자력,네이버업종,전기장비,전력/에너지/원자력
067310,하나마이크론,코스닥,반도체/소부장,네이버업종,반도체와반도체장비,반도체/소부장
080220,제주반도체,코스닥,반도체/소부장,네이버업종,반도체와반도체장비,IT/소프트웨어/AI
484870,엠앤씨솔루션,코스피,조선/방산/기계,네이버업종,우주항공과국방,조선/방산/중공업
375500,DL이앤씨,코스피,건설/인프라,네이버업종,건설,전력/에너지/원자력
083650,비에이치아이,코스닥,전력/에너지/원자력,네이버업종,에너지장비및서비스,전력/에너지/원자력
051600,한전KPS,코스피,전력/에너지/원자력,네이버업종,전기유틸리티,전력/에너지/원자력
267250,HD현대,코스피,조선/방산/기계,네이버업종,조선,전력/에너지/원자력
020150,롯데에너지머티리얼즈,코스피,2차전지/배터리,ETF 기준,전자장비와기기,2차전지/배터리
356860,티엘비,코스닥,반도체/소부장,네이버업종,반도체와반도체장비,반도체/소부장
099320,쎄트렉아이,코스닥,조선/방산/기계,네이버업종,우주항공과국방,조선/방산/중공업
064290,인텍플러스,코스닥,반도체/소부장,네이버업종,반도체와반도체장비,반도체/소부장
084370,유진테크,코스닥,반도체/소부장,네이버업종,반도체와반도체장비,반도체/소부장
001120,LX인터내셔널,코스피,운송/통신/서비스,네이버업종,무역회사와판매업체,일반 주도주
476830,알지노믹스,코스닥,바이오/헬스케어,네이버업종,생물공학,바이오/헬스케어
047050,포스코인터내셔널,코스피,운송/통신/서비스,네이버업종,무역회사와판매업체,반도체/소부장
0126Z0,삼성에피스홀딩스,코스피,바이오/헬스케어,네이버업종,제약,바이오/헬스케어
257720,실리콘투,코스닥,소비재/유통,네이버업종,인터넷과카탈로그소매,엔터/미디어/소비재
483650,달바글로벌,코스피,소비재/유통,네이버업종,화장품,엔터/미디어/소비재
468530,프로티나,코스닥,바이오/헬스케어,네이버업종,생물공학,바이오/헬스케어
081660,미스토홀딩스,코스피,소비재/유통,네이버업종,"섬유,의류,신발,호화품",일반 주도주
457190,이수스페셜티케미컬,코스피,2차전지/배터리,ETF 기준,화학,2차전지/배터리
035900,JYP Ent.,코스닥,엔터/미디어,네이버업종,방송과엔터테인먼트,엔터/미디어/소비재
035760,CJ ENM,코스닥,엔터/미디어,네이버업종,방송과엔터테인먼트,엔터/미디어/소비재
032640,LG유플러스,코스피,운송/통신/서비스,네이버업종,무선통신서비스,IT/소프트웨어/AI
003490,대한항공,코스피,운송/통신/서비스,네이버업종,항공사,엔터/미디어/소비재
097950,CJ제일제당,코스피,소비재/유통,네이버업종,식품,일반 주도주
005180,빙그레,코스피,소비재/유통,네이버업종,식품,엔터/미디어/소비재
053800,안랩,코스닥,IT/소프트웨어/게임,네이버업종,소프트웨어,IT/소프트웨어/AI
458870,씨어스,코스닥,바이오/헬스케어,네이버업종,건강관리기술,IT/소프트웨어/AI
293490,카카오게임즈,코스닥,IT/소프트웨어/게임,네이버업종,게임엔터테인먼트,IT/소프트웨어/AI
112040,위메이드,코스닥,IT/소프트웨어/게임,네이버업종,게임엔터테인먼트,IT/소프트웨어/AI
225570,넥슨게임즈,코스닥,IT/소프트웨어/게임,네이버업종,게임엔터테인먼트,IT/소프트웨어/AI
004170,신세계,코스피,소비재/유통,네이버업종,백화점과일반상점,엔터/미디어/소비재
271560,오리온,코스피,소비재/유통,네이버업종,식품,전력/에너지/원자력
229640,LS에코에너지,코스피,전력/에너지/원자력,네이버업종,전기장비,전력/에너지/원자력
088980,맥쿼리인프라,코스피,건설/인프라,네이버업종,운송인프라,건설/인프라
395400,SK리츠,코스피,건설/인프라,네이버업종,부동산,건설/인프라
330590,롯데리츠,코스피,건설/인프라,네이버업종,부동산,건설/인프라
451800,한화리츠,코스피,건설/인프라,네이버업종,부동산,건설/인프라
293940,신한알파리츠,코스피,건설/인프라,네이버업종,부동산,건설/인프라
014620,성광벤드,코스닥,조선/방산/기계,네이버업종,기계,조선/방산/중공업
077970,STX엔진,코스피,조선/방산/기계,네이버업종,조선,조선/방산/중공업
010170,대한광통신,코스닥,IT하드웨어/전자,네이버업종,통신장비,건설/인프라
119850,지엔씨에너지,코스닥,전력/에너지/원자력,네이버업종,전기장비,전력/에너지/원자력
001720,신영증권,코스피,금융/지주,네이버업종,증권,금융/지주
004020,현대제철,코스피,철강/소재/화학,네이버업종,철강,철강/소재/화학
005290,동진쎄미켐,코스닥,반도체/소부장,네이버업종,반도체와반도체장비,철강/소재/화학
214320,이노션,코스피,엔터/미디어,네이버업종,광고,일반 주도주
005850,에스엘,코스피,자동차/모빌리티,네이버업종,자동차부품,IT/소프트웨어/AI
214430,아이쓰리시스템,코스닥,조선/방산/기계,네이버업종,우주항공과국방,조선/방산/중공업
347700,스피어,코스닥,조선/방산/기계,네이버업종,우주항공과국방,조선/방산/중공업
357780,솔브레인,코스닥,반도체/소부장,네이버업종,반도체와반도체장비,반도체/소부장
064760,티씨케이,코스닥,반도체/소부장,네이버업종,반도체와반도체장비,반도체/소부장
018880,한온시스템,코스피,자동차/모빌리티,네이버업종,자동차부품,자동차/모빌리티
475150,SK이터닉스,코스피,전력/에너지/원자력,네이버업종,에너지장비및서비스,전력/에너지/원자력
347850,디앤디파마텍,코스닥,바이오/헬스케어,네이버업종,생물공학,바이오/헬스케어
295310,에이치브이엠,코스닥,철강/소재/화학,네이버업종,비철금속,조선/방산/중공업
180640,한진칼,코스피,운송/통신/서비스,네이버업종,항공사,금융/지주
328130,루닛,코스닥,바이오/헬스케어,네이버업종,건강관리기술,바이오/헬스케어
310210,보로노이,코스닥,바이오/헬스케어,네이버업종,제약,바이오/헬스케어
252990,샘씨엔에스,코스닥,반도체/소부장,네이버업종,반도체와반도체장비,반도체/소부장
003160,디아이,코스피,반도체/소부장,네이버업종,반도체와반도체장비,반도체/소부장
000240,한국앤컴퍼니,코스피,자동차/모빌리티,네이버업종,자동차부품,금융/지주
087010,펩트론,코스닥,바이오/헬스케어,네이버업종,생물공학,바이오/헬스케어
093370,후성,코스피,철강/소재/화학,네이버업종,화학,반도체/소부장
122870,와이지엔터테인먼트,코스닥,엔터/미디어,네이버업종,방송과엔터테인먼트,엔터/미디어/소비재
376300,디어유,코스닥,IT/소프트웨어/게임,네이버업종,양방향미디어와서비스,엔터/미디어/소비재
473980,노머스,코스닥,엔터/미디어,네이버업종,방송과엔터테인먼트,엔터/미디어/소비재
023590,다우기술,코스피,금융/지주,네이버업종,증권,IT/소프트웨어/AI
018670,SK가스,코스피,전력/에너지/원자력,네이버업종,가스유틸리티,일반 주도주
001800,오리온홀딩스,코스피,소비재/유통,네이버업종,식품,일반 주도주
001430,세아베스틸지주,코스피,철강/소재/화학,네이버업종,철강,철강/소재/화학
004370,농심,코스피,소비재/유통,네이버업종,식품,엔터/미디어/소비재
377300,카카오페이,코스피,IT/소프트웨어/게임,네이버업종,IT서비스,IT/소프트웨어/AI
139480,이마트,코스피,소비재/유통,네이버업종,백화점과일반상점,엔터/미디어/소비재
131970,두산테스나,코스닥,반도체/소부장,네이버업종,반도체와반도체장비,IT/소프트웨어/AI
145020,휴젤,코스닥,바이오/헬스케어,네이버업종,생물공학,바이오/헬스케어
111770,영원무역,코스피,소비재/유통,네이버업종,"섬유,의류,신발,호화품",엔터/미디어/소비재
100090,SK오션플랜트,코스피,전력/에너지/원자력,네이버업종,에너지장비및서비스,전력/에너지/원자력
007310,오뚜기,코스피,소비재/유통,네이버업종,식품,일반 주도주
006040,동원산업,코스피,소비재/유통,네이버업종,식품,일반 주도주
006340,대원전선,코스피,전력/에너지/원자력,네이버업종,전기장비,전력/에너지/원자력
448730,삼성FN리츠,코스피,건설/인프라,네이버업종,부동산,건설/인프라
357120,코람코라이프인프라리츠,코스피,건설/인프라,네이버업종,부동산,건설/인프라
003570,SNT다이내믹스,코스피,자동차/모빌리티,네이버업종,자동차부품,조선/방산/중공업
348340,뉴로메카,코스닥,로봇,수동,기계,IT/소프트웨어/AI
003540,대신증권,코스피,금융/지주,네이버업종,증권,금융/지주
003530,한화투자증권,코스피,금융/지주,네이버업종,증권,금융/지주
003470,유안타증권,코스피,금융/지주,네이버업종,증권,금융/지주
032820,우리기술,코스닥,전력/에너지/원자력,수동,우주항공과국방,전력/에너지/원자력
011210,현대위아,코스피,자동차/모빌리티,네이버업종,자동차부품,자동차/모빌리티
450080,에코프로머티,코스피,2차전지/배터리,네이버업종,전기제품,2차전지/배터리
002960,한국쉘석유,코스피,철강/소재/화학,네이버업종,화학,일반 주도주
323280,태성,코스닥,IT하드웨어/전자,네이버업종,전자장비와기기,반도체/소부장
161390,한국타이어앤테크놀로지,코스피,자동차/모빌리티,네이버업종,자동차부품,자동차/모빌리티
323410,카카오뱅크,코스피,금융/지주,네이버업종,은행,금융/지주
279570,케이뱅크,코스피,금융/지주,네이버업종,은행,금융/지주
006360,GS건설,코스피,건설/인프라,네이버업종,건설,건설/인프라
294870,IPARK현대산업개발,코스피,건설/인프라,네이버업종,건설,건설/인프라
241710,코스메카코리아,코스닥,소비재/유통,네이버업종,화장품,엔터/미디어/소비재
251970,펌텍코리아,코스닥,철강/소재/화학,네이버업종,포장재,엔터/미디어/소비재
096530,씨젠,코스닥,바이오/헬스케어,네이버업종,생명과학도구및서비스,바이오/헬스케어
232140,와이씨,코스닥,반도체/소부장,네이버업종,반도체와반도체장비,IT/소프트웨어/AI
002380,KCC,코스피,건설/인프라,네이버업종,건축자재,건설/인프라
300720,한일시멘트,코스피,건설/인프라,네이버업종,건축자재,건설/인프라
088350,한화생명,코스피,금융/지주,네이버업종,생명보험,금융/지주
000370,한화손해보험,코스피,금융/지주,네이버업종,손해보험,금융/지주
281820,케이씨텍,코스피,반도체/소부장,네이버업종,반도체와반도체장비,반도체/소부장
437730,삼현,코스닥,자동차/모빌리티,네이버업종,자동차부품,일반 주도주
034220,LG디스플레이,코스피,IT하드웨어/전자,네이버업종,디스플레이패널,IT/소프트웨어/AI
253450,스튜디오드래곤,코스닥,엔터/미디어,네이버업종,방송과엔터테인먼트,엔터/미디어/소비재
419530,SAMG엔터,코스닥,엔터/미디어,네이버업종,방송과엔터테인먼트,엔터/미디어/소비재
020560,아시아나항공,코스피,운송/통신/서비스,네이버업종,항공사,일반 주도주
008770,호텔신라,코스피,소비재/유통,네이버업종,백화점과일반상점,엔터/미디어/소비재
001450,현대해상,코스피,금융/지주,네이버업종,손해보험,금융/지주
031210,서울보증보험,코스피,금융/지주,네이버업종,손해보험,금융/지주
383220,F&F,코스피,소비재/유통,네이버업종,"섬유,의류,신발,호화품",일반 주도주
214150,클래시스,코스닥,바이오/헬스케어,네이버업종,건강관리장비와용품,바이오/헬스케어
036530,SNT홀딩스,코스피,자동차/모빌리티,네이버업종,자동차부품,일반 주도주
215200,메가스터디교육,코스닥,소비재/유통,네이버업종,교육서비스,일반 주도주
069960,현대백화점,코스피,소비재/유통,네이버업종,백화점과일반상점,엔터/미디어/소비재
010130,고려아연,코스피,철강/소재/화학,네이버업종,비철금속,철강/소재/화학
030520,한컴,코스닥,IT/소프트웨어/게임,네이버업종,소프트웨어,IT/소프트웨어/AI
098460,고영,코스닥,IT하드웨어/전자,네이버업종,전자장비와기기,반도체/소부장
089860,롯데렌탈,코스피,운송/통신/서비스,네이버업종,도로와철도운송,일반 주도주
290650,엘앤씨바이오,코스닥,바이오/헬스케어,네이버업종,건강관리장비와용품,바이오/헬스케어
041830,인바디,코스닥,바이오/헬스케어,네이버업종,건강관리장비와용품,IT/소프트웨어/AI
415640,KB발해인프라,코스피,건설/인프라,네이버업종,운송인프라,건설/인프라
365550,ESR켄달스퀘어리츠,코스피,건설/인프라,네이버업종,부동산,건설/인프라
032500,케이엠더블유,코스닥,IT하드웨어/전자,네이버업종,통신장비,건설/인프라
319400,현대무벡스,코스닥,조선/방산/기계,네이버업종,기계,건설/인프라
267270,HD건설기계,코스피,조선/방산/기계,네이버업종,기계,자동차/모빌리티
075580,세진중공업,코스피,조선/방산/기계,네이버업종,조선,조선/방산/중공업
195870,해성디에스,코스피,반도체/소부장,네이버업종,반도체와반도체장비,반도체/소부장
007340,DN오토모티브,코스피,자동차/모빌리티,네이버업종,자동차부품,자동차/모빌리티
322000,HD현대에너지솔루션,코스피,전력/에너지/원자력,네이버업종,에너지장비및서비스,전력/에너지/원자력
368770,파이버프로,코스닥,IT하드웨어/전자,네이버업종,전자장비와기기,조선/방산/중공업
012630,HDC,코스피,건설/인프라,네이버업종,건설,건설/인프라
174900,앱클론,코스닥,바이오/헬스케어,네이버업종,생물공학,바이오/헬스케어
445680,큐리옥스바이오시스템즈,코스닥,바이오/헬스케어,네이버업종,생명과학도구및서비스,바이오/헬스케어
005690,파미셀,코스피,철강/소재/화학,네이버업종,화학,바이오/헬스케어
440110,파두,코스닥,반도체/소부장,네이버업종,반도체와반도체장비,반도체/소부장
489790,한화비전,코스피,IT하드웨어/전자,네이버업종,통신장비,반도체/소부장
003380,하림지주,코스닥,소비재/유통,네이버업종,식품,금융/지주
008930,한미사이언스,코스피,바이오/헬스케어,네이버업종,제약,바이오/헬스케어
005070,코스모신소재,코스피,2차전지/배터리,ETF 기준,화학,2차전지/배터리
281740,레이크머티리얼즈,코스닥,2차전지/배터리,ETF 기준,화학,2차전지/배터리
091580,상신이디피,코스닥,2차전지/배터리,네이버업종,전기제품,2차전지/배터리
107640,한중엔시에스,코스닥,2차전지/배터리,ETF 기준,전기장비,2차전지/배터리
044490,태웅,코스닥,전력/에너지/원자력,네이버업종,에너지장비및서비스,전력/에너지/원자력
009520,포스코엠텍,코스닥,철강/소재/화학,네이버업종,철강,철강/소재/화학
089030,테크윙,코스닥,반도체/소부장,네이버업종,반도체와반도체장비,반도체/소부장
037270,YG PLUS,코스피,엔터/미디어,네이버업종,방송과엔터테인먼트,엔터/미디어/소비재
241560,두산밥캣,코스피,조선/방산/기계,네이버업종,기계,일반 주도주
122900,아이마켓코리아,코스피,운송/통신/서비스,네이버업종,상업서비스와공급품,일반 주도주
123890,한국자산신탁,코스피,건설/인프라,네이버업종,부동산,일반 주도주
192400,쿠쿠홀딩스,코스피,소비재/유통,네이버업종,가정용기기와용품,일반 주도주
069260,TKG휴켐스,코스피,철강/소재/화학,네이버업종,화학,일반 주도주
403850,더핑크퐁컴퍼니,코스닥,엔터/미디어,네이버업종,방송과엔터테인먼트,엔터/미디어/소비재
006730,서부T&D,코스닥,소비재/유통,네이버업종,"호텔,레스토랑,레저",일반 주도주
477850,마키나락스,코스닥,IT/소프트웨어/게임,네이버업종,소프트웨어,IT/소프트웨어/AI
417840,저스템,코스닥,반도체/소부장,네이버업종,반도체와반도체장비,반도체/소부장
089890,코세스,코스닥,반도체/소부장,네이버업종,반도체와반도체장비,일반 주도주
033500,동성화인텍,코스닥,철강/소재/화학,네이버업종,화학,조선/방산/중공업
183300,코미코,코스닥,반도체/소부장,네이버업종,반도체와반도체장비,반도체/소부장
192650,드림텍,코스피,IT하드웨어/전자,네이버업종,핸드셋,반도체/소부장
145720,덴티움,코스피,바이오/헬스케어,네이버업종,건강관리장비와용품,반도체/소부장
336570,원텍,코스닥,바이오/헬스케어,네이버업종,건강관리장비와용품,반도체/소부장
002790,아모레퍼시픽홀딩스,코스피,소비재/유통,네이버업종,화장품,엔터/미디어/소비재
005880,대한해운,코스피,운송/통신/서비스,네이버업종,해운사,조선/방산/중공업
004490,세방전지,코스피,자동차/모빌리티,네이버업종,자동차부품,일반 주도주
327260,RF머트리얼즈,코스닥,조선/방산/기계,네이버업종,우주항공과국방,조선/방산/중공업
003030,세아제강지주,코스피,철강/소재/화학,네이버업종,철강,철강/소재/화학
064960,SNT모티브,코스피,자동차/모빌리티,네이버업종,자동차부품,일반 주도주
078350,한양디지텍,코스닥,반도체/소부장,네이버업종,반도체와반도체장비,반도체/소부장
033640,네패스,코스닥,반도체/소부장,네이버업종,반도체와반도체장비,IT/소프트웨어/AI
000120,CJ대한통운,코스피,운송/통신/서비스,네이버업종,항공화물운송과물류,일반 주도주
042000,카페24,코스닥,IT/소프트웨어/게임,네이버업종,IT서비스,IT/소프트웨어/AI
005387,현대차2우B,코스피,자동차/모빌리티,네이버업종,자동차,자동차/모빌리티
302440,SK바이오사이언스,코스피,바이오/헬스케어,네이버업종,제약,바이오/헬스케어
006280,녹십자,코스피,바이오/헬스케어,네이버업종,제약,바이오/헬스케어
023530,롯데쇼핑,코스피,소비재/유통,네이버업종,백화점과일반상점,엔터/미디어/소비재
030190,NICE평가정보,코스피,운송/통신/서비스,네이버업종,상업서비스와공급품,IT/소프트웨어/AI
001680,대상,코스피,소비재/유통,네이버업종,식품,일반 주도주
280360,롯데웰푸드,코스피,소비재/유통,네이버업종,식품,일반 주도주
001040,CJ,코스피,금융/지주,네이버업종,복합기업,일반 주도주
069620,대웅제약,코스피,바이오/헬스케어,네이버업종,제약,바이오/헬스케어
042520,한스바이오메드,코스닥,바이오/헬스케어,네이버업종,건강관리장비와용품,바이오/헬스케어
005420,코스모화학,코스피,2차전지/배터리,ETF 기준,화학,2차전지/배터리
067160,SOOP,코스닥,IT/소프트웨어/게임,네이버업종,양방향미디어와서비스,IT/소프트웨어/AI
000080,하이트진로,코스피,소비재/유통,네이버업종,음료,일반 주도주
039200,오스코텍,코스닥,바이오/헬스케어,네이버업종,제약,바이오/헬스케어
136490,선진,코스피,소비재/유통,네이버업종,식품,일반 주도주
085660,차바이오텍,코스닥,바이오/헬스케어,네이버업종,건강관리업체및서비스,바이오/헬스케어
108860,셀바스AI,코스닥,바이오/헬스케어,네이버업종,건강관리장비와용품,IT/소프트웨어/AI
094800,맵스리얼티,코스피,건설/인프라,네이버업종,부동산,건설/인프라
033100,제룡전기,코스닥,전력/에너지/원자력,네이버업종,전기장비,IT/소프트웨어/AI
160190,하이젠알앤엠,코스닥,로봇,수동,기계,일반 주도주
090360,로보스타,코스닥,로봇,수동,기계,일반 주도주
001500,현대차증권,코스피,금융/지주,네이버업종,증권,금융/지주
130660,한전산업,코스피,전력/에너지/원자력,네이버업종,전기유틸리티,전력/에너지/원자력
100840,SNT에너지,코스피,전력/에너지/원자력,네이버업종,에너지장비및서비스,전력/에너지/원자력
043260,성호전자,코스닥,IT하드웨어/전자,수동,전기제품,일반 주도주
211270,AP위성,코스닥,IT하드웨어/전자,네이버업종,통신장비,조선/방산/중공업
361390,제노코,코스닥,조선/방산/기계,네이버업종,우주항공과국방,조선/방산/중공업
007810,코리아써키트,코스피,IT하드웨어/전자,네이버업종,전자장비와기기,반도체/소부장
073240,금호타이어,코스피,자동차/모빌리티,네이버업종,자동차부품,자동차/모빌리티
001820,삼화콘덴서,코스피,IT하드웨어/전자,수동,전기제품,일반 주도주
462350,이노스페이스,코스닥,조선/방산/기계,네이버업종,우주항공과국방,조선/방산/중공업
060370,LS마린솔루션,코스닥,건설/인프라,네이버업종,건설,건설/인프라
001510,SK증권,코스피,금융/지주,네이버업종,증권,금융/지주
097230,HJ중공업,코스피,건설/인프라,네이버업종,건설,조선/방산/중공업
121600,나노신소재,코스닥,2차전지/배터리,ETF 기준,화학,2차전지/배터리
222080,SFA넥셀,코스닥,2차전지/배터리,네이버업종,전기제품,2차전지/배터리
000210,DL,코스피,철강/소재/화학,네이버업종,화학,건설/인프라
058430,포스코스틸리온,코스피,철강/소재/화학,네이버업종,비철금속,철강/소재/화학
388720,유일로보틱스,코스닥,로봇,수동,기계,일반 주도주
182360,큐브엔터,코스닥,엔터/미디어,네이버업종,방송과엔터테인먼트,일반 주도주
060570,드림어스컴퍼니,코스닥,엔터/미디어,네이버업종,방송과엔터테인먼트,일반 주도주
123330,제닉,코스닥,소비재/유통,네이버업종,화장품,엔터/미디어/소비재
034230,파라다이스,코스피,소비재/유통,네이버업종,"호텔,레스토랑,레저",일반 주도주
032350,롯데관광개발,코스피,소비재/유통,네이버업종,"호텔,레스토랑,레저",일반 주도주
025980,아난티,코스닥,소비재/유통,네이버업종,"호텔,레스토랑,레저",일반 주도주
039130,하나투어,코스피,소비재/유통,네이버업종,"호텔,레스토랑,레저",일반 주도주
499790,GS피앤엘,코스피,소비재/유통,네이버업종,"호텔,레스토랑,레저",일반 주도주
290550,디케이티,코스닥,IT하드웨어/전자,네이버업종,핸드셋,일반 주도주
059090,미코,코스닥,반도체/소부장,네이버업종,반도체와반도체장비,일반 주도주
033160,엠케이전자,코스닥,반도체/소부장,네이버업종,반도체와반도체장비,일반 주도주
085620,미래에셋생명,코스피,금융/지주,네이버업종,생명보험,금융/지주
211050,인카금융서비스,코스닥,금융/지주,네이버업종,손해보험,금융/지주
023160,태광,코스닥,조선/방산/기계,네이버업종,기계,조선/방산/중공업
080580,오킨스전자,코스닥,반도체/소부장,네이버업종,반도체와반도체장비,반도체/소부장
016610,DB증권,코스피,금융/지주,네이버업종,증권,금융/지주
001200,유진투자증권,코스피,금융/지주,네이버업종,증권,금융/지주
950260,인제니아테라퓨틱스(Reg.S),코스닥,바이오/헬스케어,네이버업종,생물공학,바이오/헬스케어
354320,알멕,코스닥,자동차/모빌리티,네이버업종,자동차부품,조선/방산/중공업
102710,이엔에프테크놀로지,코스닥,반도체/소부장,네이버업종,반도체와반도체장비,일반 주도주
004430,송원산업,코스피,철강/소재/화학,네이버업종,화학,일반 주도주
035890,서희건설,코스닥,건설/인프라,네이버업종,건설,일반 주도주
009970,영원무역홀딩스,코스피,소비재/유통,네이버업종,"섬유,의류,신발,호화품",일반 주도주
044450,KSS해운,코스피,운송/통신/서비스,네이버업종,해운사,일반 주도주
306200,세아제강,코스피,철강/소재/화학,네이버업종,철강,일반 주도주
034310,NICE,코스피,IT/소프트웨어/게임,네이버업종,IT서비스,일반 주도주
334890,이지스밸류플러스리츠,코스피,건설/인프라,네이버업종,부동산,건설/인프라
050890,쏠리드,코스닥,IT하드웨어/전자,네이버업종,통신장비,일반 주도주
033790,피노,코스닥,2차전지/배터리,네이버업종,전기제품,일반 주도주
037460,삼지전자,코스닥,IT하드웨어/전자,네이버업종,통신장비,일반 주도주
253590,네오셈,코스닥,반도체/소부장,네이버업종,반도체와반도체장비,반도체/소부장
200470,에이팩트,코스닥,반도체/소부장,네이버업종,반도체와반도체장비,일반 주도주
381970,KG모빌리티플랫폼,코스피,자동차/모빌리티,네이버업종,자동차,일반 주도주
030610,교보증권,코스피,금융/지주,네이버업종,증권,금융/지주
393890,더블유씨피,코스닥,2차전지/배터리,네이버업종,전기제품,일반 주도주
064850,에프앤가이드,코스닥,IT/소프트웨어/게임,네이버업종,IT서비스,일반 주도주
297090,씨에스베어링,코스닥,조선/방산/기계,네이버업종,기계,일반 주도주
416180,신성에스티,코스닥,2차전지/배터리,네이버업종,전기제품,전력/에너지/원자력
093320,케이아이엔엑스,코스닥,IT/소프트웨어/게임,네이버업종,IT서비스,일반 주도주
009155,삼성전기우,코스피,IT하드웨어/전자,네이버업종,전자장비와기기,일반 주도주
066575,LG전자우,코스피,IT하드웨어/전자,네이버업종,전자제품,일반 주도주
00680K,미래에셋증권2우B,코스피,금융/지주,네이버업종,증권,금융/지주
000815,삼성화재우,코스피,금융/지주,네이버업종,손해보험,금융/지주
051915,LG화학우,코스피,철강/소재/화학,네이버업종,화학,철강/소재/화학
000155,두산우,코스피,금융/지주,네이버업종,복합기업,일반 주도주
071055,한국금융지주우,코스피,금융/지주,네이버업종,증권,금융/지주
00088K,한화3우B,코스피,금융/지주,네이버업종,복합기업,일반 주도주
006110,삼아알미늄,코스피,철강/소재/화학,네이버업종,비철금속,철강/소재/화학
005810,풍산홀딩스,코스피,철강/소재/화학,네이버업종,비철금속,철강/소재/화학
016380,KG스틸,코스피,철강/소재/화학,네이버업종,철강,철강/소재/화학
034120,SBS,코스피,엔터/미디어,네이버업종,방송과엔터테인먼트,엔터/미디어/소비재
092870,엑시콘,코스닥,반도체/소부장,네이버업종,반도체와반도체장비,반도체/소부장
490470,세미파이브,코스닥,반도체/소부장,네이버업종,반도체와반도체장비,IT/소프트웨어/AI
041190,우리기술투자,코스닥,금융/지주,네이버업종,창업투자,IT/소프트웨어/AI
271940,일진하이솔루스,코스피,자동차/모빌리티,네이버업종,자동차부품,일반 주도주
282330,BGF리테일,코스피,소비재/유통,네이버업종,백화점과일반상점,엔터/미디어/소비재
466100,클로봇,코스닥,로봇,수동,기계,IT/소프트웨어/AI
124500,아이티센글로벌,코스닥,IT/소프트웨어/게임,네이버업종,IT서비스,IT/소프트웨어/AI
005440,현대지에프홀딩스,코스피,금융/지주,네이버업종,복합기업,일반 주도주
082920,비츠로셀,코스닥,2차전지/배터리,네이버업종,전기제품,일반 주도주
007070,GS리테일,코스피,소비재/유통,네이버업종,백화점과일반상점,일반 주도주
010820,퍼스텍,코스피,조선/방산/기계,네이버업종,우주항공과국방,반도체/소부장
484590,삼양컴텍,코스닥,조선/방산/기계,네이버업종,우주항공과국방,반도체/소부장
274090,켄코아에어로스페이스,코스닥,조선/방산/기계,네이버업종,우주항공과국방,반도체/소부장
289930,웨이비스,코스닥,조선/방산/기계,네이버업종,우주항공과국방,반도체/소부장
036540,SFA반도체,코스닥,반도체/소부장,네이버업종,반도체와반도체장비,IT/소프트웨어/AI
005300,롯데칠성,코스피,소비재/유통,네이버업종,음료,일반 주도주
404990,신한서부티엔디리츠,코스피,건설/인프라,네이버업종,부동산,건설/인프라
377190,디앤디플랫폼리츠,코스피,건설/인프라,네이버업종,부동산,건설/인프라
272450,진에어,코스피,운송/통신/서비스,네이버업종,항공사,일반 주도주
003280,흥아해운,코스피,운송/통신/서비스,네이버업종,해운사,일반 주도주
344820,KCC글라스,코스피,건설/인프라,네이버업종,건축자재,일반 주도주
086900,메디톡스,코스닥,바이오/헬스케어,네이버업종,생물공학,반도체/소부장
060280,큐렉소,코스닥,바이오/헬스케어,네이버업종,건강관리장비와용품,반도체/소부장
365340,성일하이텍,코스닥,2차전지/배터리,네이버업종,전기제품,2차전지/배터리
046970,우리로,코스닥,IT하드웨어/전자,네이버업종,컴퓨터와주변기기,일반 주도주
138080,오이솔루션,코스닥,IT하드웨어/전자,네이버업종,통신장비,일반 주도주
314130,지놈앤컴퍼니,코스닥,바이오/헬스케어,네이버업종,제약,바이오/헬스케어
308430,셀비온,코스닥,바이오/헬스케어,네이버업종,제약,바이오/헬스케어
026960,동서,코스피,소비재/유통,네이버업종,식품,일반 주도주
036460,한국가스공사,코스피,전력/에너지/원자력,네이버업종,가스유틸리티,일반 주도주
048550,SM C&C,코스닥,엔터/미디어,네이버업종,광고,엔터/미디어/소비재
000670,영풍,코스피,철강/소재/화학,수동,핸드셋,철강/소재/화학
002030,아세아,코스피,건설/인프라,네이버업종,건축자재,철강/소재/화학
008730,율촌화학,코스피,철강/소재/화학,네이버업종,포장재,철강/소재/화학
014820,동원시스템즈,코스피,철강/소재/화학,네이버업종,포장재,철강/소재/화학
056190,SFA,코스닥,조선/방산/기계,네이버업종,기계,일반 주도주
069080,웹젠,코스닥,IT/소프트웨어/게임,네이버업종,게임엔터테인먼트,일반 주도주
013030,하이록코리아,코스닥,조선/방산/기계,네이버업종,기계,일반 주도주
020120,키다리스튜디오,코스피,IT/소프트웨어/게임,네이버업종,양방향미디어와서비스,일반 주도주
310200,애니플러스,코스닥,엔터/미디어,네이버업종,방송과엔터테인먼트,일반 주도주
389140,포바이포,코스닥,엔터/미디어,네이버업종,방송과엔터테인먼트,일반 주도주
006120,SK디스커버리,코스피,전력/에너지/원자력,네이버업종,석유와가스,일반 주도주
285130,SK케미칼,코스피,철강/소재/화학,네이버업종,화학,철강/소재/화학
000640,동아쏘시오홀딩스,코스피,바이오/헬스케어,네이버업종,제약,일반 주도주
071320,지역난방공사,코스피,전력/에너지/원자력,네이버업종,복합유틸리티,일반 주도주
170920,엘티씨,코스닥,반도체/소부장,네이버업종,반도체와반도체장비,일반 주도주
002310,아세아제지,코스피,철강/소재/화학,네이버업종,포장재,일반 주도주
014830,유니드,코스피,철강/소재/화학,네이버업종,화학,일반 주도주
009290,광동제약,코스피,바이오/헬스케어,네이버업종,제약,바이오/헬스케어
491000,리브스메드,코스닥,바이오/헬스케어,네이버업종,건강관리장비와용품,바이오/헬스케어
475960,토모큐브,코스닥,바이오/헬스케어,네이버업종,생명과학도구및서비스,바이오/헬스케어
035810,이지홀딩스,코스닥,소비재/유통,네이버업종,식품,일반 주도주
004000,롯데정밀화학,코스피,철강/소재/화학,네이버업종,화학,일반 주도주
236200,슈프리마,코스닥,IT하드웨어/전자,네이버업종,전자장비와기기,일반 주도주
004800,효성,코스피,금융/지주,네이버업종,복합기업,일반 주도주
0120G0,삼양바이오팜,코스피,바이오/헬스케어,네이버업종,건강관리장비와용품,바이오/헬스케어
011780,금호석유화학,코스피,철강/소재/화학,네이버업종,화학,철강/소재/화학
120110,코오롱인더,코스피,철강/소재/화학,네이버업종,화학,일반 주도주
321550,티움바이오,코스닥,바이오/헬스케어,네이버업종,제약,바이오/헬스케어
358570,지아이이노베이션,코스닥,바이오/헬스케어,네이버업종,생물공학,바이오/헬스케어
185750,종근당,코스피,바이오/헬스케어,네이버업종,제약,일반 주도주
453340,현대그린푸드,코스피,소비재/유통,네이버업종,식품,일반 주도주
052400,코나아이,코스닥,IT/소프트웨어/게임,네이버업종,IT서비스,IT/소프트웨어/AI
486990,노타,코스닥,IT/소프트웨어/게임,네이버업종,IT서비스,IT/소프트웨어/AI
0011A0,액스비스,코스닥,IT하드웨어/전자,네이버업종,전자장비와기기,일반 주도주
0017J0,세미티에스,코스닥,반도체/소부장,네이버업종,반도체와반도체장비,일반 주도주
394420,리센스메디컬,코스닥,바이오/헬스케어,네이버업종,건강관리장비와용품,일반 주도주
0082N0,카나프테라퓨틱스,코스닥,바이오/헬스케어,네이버업종,제약,일반 주도주
0088M0,메쥬,코스닥,바이오/헬스케어,네이버업종,건강관리장비와용품,일반 주도주
388210,씨엠티엑스,코스닥,반도체/소부장,네이버업종,반도체와반도체장비,일반 주도주
493280,아이엠바이오로직스,코스닥,바이오/헬스케어,네이버업종,제약,바이오/헬스케어
